,h5_path,sim_folder,param_folder,type,rbm,x0,y0,sigma,t_dec,dist,lam_psi,D_psi,v0,lam_p,D_p,gamma,alpha,rq,mu,dpsi,seed,Nb,area_psi,area_q,max_psi,has_diff
7,outputs/differentiation_sweep/dist_pol_sig_9.0_rbm_0.3_x0_25.0_dpsi_30.0/sim_data_20260610_153812/data.h5,sim_data_20260610_153812,dist_pol_sig_9.0_rbm_0.3_x0_25.0_dpsi_30.0,pol,0.3,25.0,25.0,9.0,50.0,pol,1.0,30.0,0.0,1.0,1.0,1.0,0.0,0.0,1.0,,1224231907,151.0110103145816,3.3306690738754696e-14,0.0,-0.9999999999999334,False
14,outputs/differentiation_sweep/dist_pol_sig_8.0_rbm_0.9_x0_25.0_dpsi_30.0/sim_data_20260610_145143/data.h5,sim_data_20260610_145143,dist_pol_sig_8.0_rbm_0.9_x0_25.0_dpsi_30.0,pol,0.9,25.0,25.0,8.0,50.0,pol,1.0,30.0,0.0,1.0,1.0,1.0,0.0,0.0,1.0,,315622072,360.6211832803642,3.3306690738754696e-14,0.0,-0.9999999999999334,False
26,outputs/differentiation_sweep/dist_pol_sig_2.0_rbm_0.7_x0_25.0_dpsi_30.0/sim_data_20260610_120803/data.h5,sim_data_20260610_120803,dist_pol_sig_2.0_rbm_0.7_x0_25.0_dpsi_30.0,pol,0.7,25.0,25.0,2.0,50.0,pol,1.0,30.0,0.0,1.0,1.0,1.0,0.0,0.0,1.0,,957623818,17.59291886010284,3.3306690738754696e-14,0.0,-0.9999999999999334,False
53,outputs/differentiation_sweep/dist_pol_sig_1.5_rbm_0.7_x0_25.0_dpsi_30.0/sim_data_20260610_113651/data.h5,sim_data_20260610_113651,dist_pol_sig_1.5_rbm_0.7_x0_25.0_dpsi_30.0,pol,0.7,25.0,25.0,1.5,50.0,pol,1.0,30.0,0.0,1.0,1.0,1.0,0.0,0.0,1.0,,1604402536,9.896016858807847,3.3306690738754696e-14,0.0,-0.9999999999999334,False
62,outputs/differentiation_sweep/dist_pol_sig_10.0_rbm_0.1_x0_25.0_dpsi_30.0/sim_data_20260610_165157/data.h5,sim_data_20260610_165157,dist_pol_sig_10.0_rbm_0.1_x0_25.0_dpsi_30.0,pol,0.1,25.0,25.0,10.0,50.0,pol,1.0,30.0,0.0,1.0,1.0,1.0,0.0,0.0,1.0,,1183133500,61.27861949929648,3.3306690738754696e-14,0.0,-0.9999999999999334,False
64,outputs/differentiation_sweep/dist_pol_sig_12.5_rbm_0.3_x0_25.0_dpsi_30.0/sim_data_20260610_200752/data.h5,sim_data_20260610_200752,dist_pol_sig_12.5_rbm_0.3_x0_25.0_dpsi_30.0,pol,0.3,25.0,25.0,12.5,50.0,pol,1.0,30.0,0.0,1.0,1.0,1.0,0.0,0.0,1.0,,2012996686,268.31600020699386,3.3306690738754696e-14,0.0,-0.9999999999999334,False
68,outputs/differentiation_sweep/dist_pol_sig_10.0_rbm_0.4_x0_25.0_dpsi_30.0/sim_data_20260610_165354/data.h5,sim_data_20260610_165354,dist_pol_sig_10.0_rbm_0.4_x0_25.0_dpsi_30.0,pol,0.4,25.0,25.0,10.0,50.0,pol,1.0,30.0,0.0,1.0,1.0,1.0,0.0,0.0,1.0,,2137173632,245.11447799718593,3.3306690738754696e-14,0.0,-0.9999999999999334,False
78,outputs/differentiation_sweep/dist_pol_sig_10.5_rbm_0.4_x0_25.0_dpsi_30.0/sim_data_20260610_173751/data.h5,sim_data_20260610_173751,dist_pol_sig_10.5_rbm_0.4_x0_25.0_dpsi_30.0,pol,0.4,25.0,25.0,10.5,50.0,pol,1.0,30.0,0.0,1.0,1.0,1.0,0.0,0.0,1.0,,549710844,267.5901138627063,3.3306690738754696e-14,0.0,-0.9999999999999334,False
101,outputs/differentiation_sweep/dist_pol_sig_30.0_rbm_0.7_x0_25.0_dpsi_30.0/sim_data_20260612_135635/data.h5,sim_data_20260612_135635,dist_pol_sig_30.0_rbm_0.7_x0_25.0_dpsi_30.0,pol,0.7,25.0,25.0,30.0,50.0,pol,1.0,30.0,0.0,0.0,1.0,1.0,0.0,0.0,1.0,,1499986737,1402.9609501288842,0.9999999999999588,0.0,0.9999999999999192,True
102,outputs/differentiation_sweep/dist_pol_sig_12.0_rbm_0.6_x0_25.0_dpsi_30.0/sim_data_20260610_193818/data.h5,sim_data_20260610_193818,dist_pol_sig_12.0_rbm_0.6_x0_25.0_dpsi_30.0,pol,0.6,25.0,25.0,12.0,50.0,pol,1.0,30.0,0.0,1.0,1.0,1.0,0.0,0.0,1.0,,888056273,503.17863840119315,0.9999999999999718,0.0,0.9999999999999488,True
109,outputs/differentiation_sweep/dist_pol_sig_8.5_rbm_0.1_x0_25.0_dpsi_30.0/sim_data_20260610_145306/data.h5,sim_data_20260610_145306,dist_pol_sig_8.5_rbm_0.1_x0_25.0_dpsi_30.0,pol,0.1,25.0,25.0,8.5,50.0,pol,1.0,30.0,0.0,1.0,1.0,1.0,0.0,0.0,1.0,,1317908371,45.098828212239596,3.3306690738754696e-14,0.0,-0.9999999999999334,False
112,outputs/differentiation_sweep/dist_pol_sig_25.0_rbm_0.4_x0_25.0_dpsi_30.0/sim_data_20260612_125851/data.h5,sim_data_20260612_125851,dist_pol_sig_25.0_rbm_0.4_x0_25.0_dpsi_30.0,pol,0.4,25.0,25.0,25.0,50.0,pol,1.0,30.0,0.0,0.0,1.0,1.0,0.0,0.0,1.0,,495702824,732.0719833460262,0.9999999999999537,0.0,0.9999999999999091,True
117,outputs/differentiation_sweep/dist_pol_sig_0.5_rbm_0.5_x0_25.0_dpsi_30.0/sim_data_20260609_192723/data.h5,sim_data_20260609_192723,dist_pol_sig_0.5_rbm_0.5_x0_25.0_dpsi_30.0,pol,0.5,25.0,25.0,0.5,50.0,pol,1.0,30.0,0.0,1.0,1.0,1.0,0.0,0.0,1.0,,1585514002,0.7853981633974483,1.3322676295501878e-13,0.0,-0.9999999999997335,False
127,outputs/differentiation_sweep/dist_pol_sig_7.0_rbm_0.3_x0_25.0_dpsi_30.0/sim_data_20260610_130756/data.h5,sim_data_20260610_130756,dist_pol_sig_7.0_rbm_0.3_x0_25.0_dpsi_30.0,pol,0.3,25.0,25.0,7.0,50.0,pol,1.0,30.0,0.0,1.0,1.0,1.0,0.0,0.0,1.0,,1312069059,92.29687091996053,3.3306690738754696e-14,0.0,-0.9999999999999334,False
129,outputs/differentiation_sweep/dist_pol_sig_13.5_rbm_0.6_x0_25.0_dpsi_30.0/sim_data_20260610_212510/data.h5,sim_data_20260610_212510,dist_pol_sig_13.5_rbm_0.6_x0_25.0_dpsi_30.0,pol,0.6,25.0,25.0,13.5,50.0,pol,1.0,30.0,0.0,1.0,1.0,1.0,0.0,0.0,1.0,,952219105,601.8363664444378,0.9999999999999724,0.0,0.9999999999999488,True
142,outputs/differentiation_sweep/dist_pol_sig_6.5_rbm_0.9_x0_25.0_dpsi_30.0/sim_data_20260610_125303/data.h5,sim_data_20260610_125303,dist_pol_sig_6.5_rbm_0.9_x0_25.0_dpsi_30.0,pol,0.9,25.0,25.0,6.5,50.0,pol,1.0,30.0,0.0,1.0,1.0,1.0,0.0,0.0,1.0,,845210821,238.86034789581748,3.3306690738754696e-14,0.0,-0.9999999999999334,False
149,outputs/differentiation_sweep/dist_pol_sig_10.0_rbm_1.0_x0_25.0_dpsi_30.0/sim_data_20260610_172247/data.h5,sim_data_20260610_172247,dist_pol_sig_10.0_rbm_1.0_x0_25.0_dpsi_30.0,pol,1.0,25.0,25.0,10.0,50.0,pol,1.0,30.0,0.0,1.0,1.0,1.0,0.0,0.0,1.0,,672133126,612.7861949929647,0.999999999999972,0.0,0.9999999999999556,True
152,outputs/differentiation_sweep/dist_pol_sig_15.0_rbm_0.4_x0_25.0_dpsi_30.0/sim_data_20260610_231030/data.h5,sim_data_20260610_231030,dist_pol_sig_15.0_rbm_0.4_x0_25.0_dpsi_30.0,pol,0.4,25.0,25.0,15.0,50.0,pol,1.0,30.0,0.0,1.0,1.0,1.0,0.0,0.0,1.0,,123157285,462.52214309602857,3.3306690738754696e-14,0.0,-0.9999999999999334,False
153,outputs/differentiation_sweep/dist_pol_sig_15.0_rbm_0.4_x0_25.0_dpsi_30.0/sim_data_20260612_114623/data.h5,sim_data_20260612_114623,dist_pol_sig_15.0_rbm_0.4_x0_25.0_dpsi_30.0,pol,0.4,25.0,25.0,15.0,50.0,pol,1.0,30.0,0.0,0.0,1.0,1.0,0.0,0.0,1.0,,1079501491,462.53437979881716,5.4567461660326444e-14,0.0,-0.9999999999998909,False
187,outputs/differentiation_sweep/dist_pol_sig_8.5_rbm_0.2_x0_25.0_dpsi_30.0/sim_data_20260610_145344/data.h5,sim_data_20260610_145344,dist_pol_sig_8.5_rbm_0.2_x0_25.0_dpsi_30.0,pol,0.2,25.0,25.0,8.5,50.0,pol,1.0,30.0,0.0,1.0,1.0,1.0,0.0,0.0,1.0,,1185898125,90.19765642447919,3.3306690738754696e-14,0.0,-0.9999999999999334,False
189,outputs/differentiation_sweep/dist_pol_sig_11.5_rbm_1.0_x0_25.0_dpsi_30.0/sim_data_20260610_190922/data.h5,sim_data_20260610_190922,dist_pol_sig_11.5_rbm_1.0_x0_25.0_dpsi_30.0,pol,1.0,25.0,25.0,11.5,50.0,pol,1.0,30.0,0.0,1.0,1.0,1.0,0.0,0.0,1.0,,1148196265,782.2654367916936,0.9999999999999735,0.0,0.9999999999999556,True
193,outputs/differentiation_sweep/dist_pol_sig_10.0_rbm_0.2_x0_25.0_dpsi_30.0/sim_data_20260610_165242/data.h5,sim_data_20260610_165242,dist_pol_sig_10.0_rbm_0.2_x0_25.0_dpsi_30.0,pol,0.2,25.0,25.0,10.0,50.0,pol,1.0,30.0,0.0,1.0,1.0,1.0,0.0,0.0,1.0,,379057307,122.55723899859296,3.3306690738754696e-14,0.0,-0.9999999999999334,False
195,outputs/differentiation_sweep/dist_pol_sig_2.5_rbm_0.4_x0_25.0_dpsi_30.0/sim_data_20260610_123802/data.h5,sim_data_20260610_123802,dist_pol_sig_2.5_rbm_0.4_x0_25.0_dpsi_30.0,pol,0.4,25.0,25.0,2.5,50.0,pol,1.0,30.0,0.0,1.0,1.0,1.0,0.0,0.0,1.0,,1417197689,15.707963267948967,3.3306690738754696e-14,0.0,-0.9999999999999334,False
199,outputs/differentiation_sweep/dist_pol_sig_9.0_rbm_0.8_x0_25.0_dpsi_30.0/sim_data_20260610_155350/data.h5,sim_data_20260610_155350,dist_pol_sig_9.0_rbm_0.8_x0_25.0_dpsi_30.0,pol,0.8,25.0,25.0,9.0,50.0,pol,1.0,30.0,0.0,1.0,1.0,1.0,0.0,0.0,1.0,,1200316755,402.696027505551,3.3306690738754696e-14,0.0,-0.9999999999999334,False
201,outputs/differentiation_sweep/dist_pol_sig_1.0_rbm_0.4_x0_25.0_dpsi_30.0/sim_data_20260610_105141/data.h5,sim_data_20260610_105141,dist_pol_sig_1.0_rbm_0.4_x0_25.0_dpsi_30.0,pol,0.4,25.0,25.0,1.0,50.0,pol,1.0,30.0,0.0,1.0,1.0,1.0,0.0,0.0,1.0,,789351077,2.5132741228718345,3.3306690738754696e-14,0.0,-0.9999999999999334,False
203,outputs/differentiation_sweep/dist_pol_sig_11.5_rbm_0.7_x0_25.0_dpsi_30.0/sim_data_20260610_190741/data.h5,sim_data_20260610_190741,dist_pol_sig_11.5_rbm_0.7_x0_25.0_dpsi_30.0,pol,0.7,25.0,25.0,11.5,50.0,pol,1.0,30.0,0.0,1.0,1.0,1.0,0.0,0.0,1.0,,1009492742,547.5858057541855,0.9999999999999721,0.0,0.9999999999999507,True
210,outputs/differentiation_sweep/dist_pol_sig_0.5_rbm_0.2_x0_25.0_dpsi_30.0/sim_data_20260609_113852/data.h5,sim_data_20260609_113852,dist_pol_sig_0.5_rbm_0.2_x0_25.0_dpsi_30.0,pol,0.2,25.0,25.0,0.5,50.0,pol,1.0,30.0,0.0,1.0,1.0,1.0,0.0,0.0,1.0,,1271795810,0.3141592653589793,1.3322676295501878e-13,0.0,-0.9999999999997335,False
218,outputs/differentiation_sweep/dist_pol_sig_8.0_rbm_0.8_x0_25.0_dpsi_30.0/sim_data_20260610_143836/data.h5,sim_data_20260610_143836,dist_pol_sig_8.0_rbm_0.8_x0_25.0_dpsi_30.0,pol,0.8,25.0,25.0,8.0,50.0,pol,1.0,30.0,0.0,1.0,1.0,1.0,0.0,0.0,1.0,,1729271338,320.5521629158793,3.3306690738754696e-14,0.0,-0.9999999999999334,False
223,outputs/differentiation_sweep/dist_pol_sig_11.5_rbm_0.3_x0_25.0_dpsi_30.0/sim_data_20260610_185239/data.h5,sim_data_20260610_185239,dist_pol_sig_11.5_rbm_0.3_x0_25.0_dpsi_30.0,pol,0.3,25.0,25.0,11.5,50.0,pol,1.0,30.0,0.0,1.0,1.0,1.0,0.0,0.0,1.0,,191743506,234.6796310375081,3.3306690738754696e-14,0.0,-0.9999999999999334,False
235,outputs/differentiation_sweep/dist_pol_sig_10.5_rbm_0.2_x0_25.0_dpsi_30.0/sim_data_20260610_172401/data.h5,sim_data_20260610_172401,dist_pol_sig_10.5_rbm_0.2_x0_25.0_dpsi_30.0,pol,0.2,25.0,25.0,10.5,50.0,pol,1.0,30.0,0.0,1.0,1.0,1.0,0.0,0.0,1.0,,1750859105,133.79505693135314,3.3306690738754696e-14,0.0,-0.9999999999999334,False
252,outputs/differentiation_sweep/dist_pol_sig_15.0_rbm_0.6_x0_25.0_dpsi_30.0/sim_data_20260612_120055/data.h5,sim_data_20260612_120055,dist_pol_sig_15.0_rbm_0.6_x0_25.0_dpsi_30.0,pol,0.6,25.0,25.0,15.0,50.0,pol,1.0,30.0,0.0,0.0,1.0,1.0,0.0,0.0,1.0,,915111131,693.8015696982259,0.9999999999999554,0.0,0.9999999999999161,True
253,outputs/differentiation_sweep/dist_pol_sig_15.0_rbm_0.6_x0_25.0_dpsi_30.0/sim_data_20260610_232407/data.h5,sim_data_20260610_232407,dist_pol_sig_15.0_rbm_0.6_x0_25.0_dpsi_30.0,pol,0.6,25.0,25.0,15.0,50.0,pol,1.0,30.0,0.0,1.0,1.0,1.0,0.0,0.0,1.0,,1103920051,693.7832146440428,0.9999999999999729,0.0,0.9999999999999488,True
255,outputs/differentiation_sweep/dist_pol_sig_13.0_rbm_0.1_x0_25.0_dpsi_30.0/sim_data_20260610_203755/data.h5,sim_data_20260610_203755,dist_pol_sig_13.0_rbm_0.1_x0_25.0_dpsi_30.0,pol,0.1,25.0,25.0,13.0,50.0,pol,1.0,30.0,0.0,1.0,1.0,1.0,0.0,0.0,1.0,,493135357,94.9269428778066,3.3306690738754696e-14,0.0,-0.9999999999999334,False
266,outputs/differentiation_sweep/dist_pol_sig_13.0_rbm_0.9_x0_25.0_dpsi_30.0/sim_data_20260610_210759/data.h5,sim_data_20260610_210759,dist_pol_sig_13.0_rbm_0.9_x0_25.0_dpsi_30.0,pol,0.9,25.0,25.0,13.0,50.0,pol,1.0,30.0,0.0,1.0,1.0,1.0,0.0,0.0,1.0,,1217944680,854.3424859002594,0.9999999999999738,0.0,0.9999999999999541,True
269,outputs/differentiation_sweep/dist_pol_sig_1.0_rbm_0.5_x0_25.0_dpsi_30.0/sim_data_20260610_105204/data.h5,sim_data_20260610_105204,dist_pol_sig_1.0_rbm_0.5_x0_25.0_dpsi_30.0,pol,0.5,25.0,25.0,1.0,50.0,pol,1.0,30.0,0.0,1.0,1.0,1.0,0.0,0.0,1.0,,352403856,3.141592653589793,3.3306690738754696e-14,0.0,-0.9999999999999334,False
271,outputs/differentiation_sweep/dist_pol_sig_9.0_rbm_0.7_x0_25.0_dpsi_30.0/sim_data_20260610_155319/data.h5,sim_data_20260610_155319,dist_pol_sig_9.0_rbm_0.7_x0_25.0_dpsi_30.0,pol,0.7,25.0,25.0,9.0,50.0,pol,1.0,30.0,0.0,1.0,1.0,1.0,0.0,0.0,1.0,,74726844,352.3590240673571,3.3306690738754696e-14,0.0,-0.9999999999999334,False
293,outputs/differentiation_sweep/dist_pol_sig_10.0_rbm_0.3_x0_25.0_dpsi_30.0/sim_data_20260610_165321/data.h5,sim_data_20260610_165321,dist_pol_sig_10.0_rbm_0.3_x0_25.0_dpsi_30.0,pol,0.3,25.0,25.0,10.0,50.0,pol,1.0,30.0,0.0,1.0,1.0,1.0,0.0,0.0,1.0,,1008470326,183.83585849788943,3.3306690738754696e-14,0.0,-0.9999999999999334,False
297,outputs/differentiation_sweep/dist_pol_sig_10.5_rbm_0.1_x0_25.0_dpsi_30.0/sim_data_20260610_172324/data.h5,sim_data_20260610_172324,dist_pol_sig_10.5_rbm_0.1_x0_25.0_dpsi_30.0,pol,0.1,25.0,25.0,10.5,50.0,pol,1.0,30.0,0.0,1.0,1.0,1.0,0.0,0.0,1.0,,1798018514,66.89752846567657,3.3306690738754696e-14,0.0,-0.9999999999999334,False
303,outputs/differentiation_sweep/dist_pol_sig_1.5_rbm_0.8_x0_25.0_dpsi_30.0/sim_data_20260610_113734/data.h5,sim_data_20260610_113734,dist_pol_sig_1.5_rbm_0.8_x0_25.0_dpsi_30.0,pol,0.8,25.0,25.0,1.5,50.0,pol,1.0,30.0,0.0,1.0,1.0,1.0,0.0,0.0,1.0,,716018147,11.309733552923257,3.3306690738754696e-14,0.0,-0.9999999999999334,False
309,outputs/differentiation_sweep/dist_pol_sig_9.0_rbm_0.9_x0_25.0_dpsi_30.0/sim_data_20260610_160651/data.h5,sim_data_20260610_160651,dist_pol_sig_9.0_rbm_0.9_x0_25.0_dpsi_30.0,pol,0.9,25.0,25.0,9.0,50.0,pol,1.0,30.0,0.0,1.0,1.0,1.0,0.0,0.0,1.0,,1833232252,453.03303094374496,3.3306690738754696e-14,0.0,-0.9999999999999334,False
311,outputs/differentiation_sweep/dist_pol_sig_8.0_rbm_0.7_x0_25.0_dpsi_30.0/sim_data_20260610_143759/data.h5,sim_data_20260610_143759,dist_pol_sig_8.0_rbm_0.7_x0_25.0_dpsi_30.0,pol,0.7,25.0,25.0,8.0,50.0,pol,1.0,30.0,0.0,1.0,1.0,1.0,0.0,0.0,1.0,,1762788940,280.4831425513944,3.3306690738754696e-14,0.0,-0.9999999999999334,False
354,outputs/differentiation_sweep/dist_pol_sig_8.5_rbm_0.6_x0_25.0_dpsi_30.0/sim_data_20260610_150839/data.h5,sim_data_20260610_150839,dist_pol_sig_8.5_rbm_0.6_x0_25.0_dpsi_30.0,pol,0.6,25.0,25.0,8.5,50.0,pol,1.0,30.0,0.0,1.0,1.0,1.0,0.0,0.0,1.0,,1160230307,270.5929692734375,3.3306690738754696e-14,0.0,-0.9999999999999334,False
359,outputs/differentiation_sweep/dist_pol_sig_6.5_rbm_1.0_x0_25.0_dpsi_30.0/sim_data_20260610_125340/data.h5,sim_data_20260610_125340,dist_pol_sig_6.5_rbm_1.0_x0_25.0_dpsi_30.0,pol,1.0,25.0,25.0,6.5,50.0,pol,1.0,30.0,0.0,1.0,1.0,1.0,0.0,0.0,1.0,,212408075,265.40038655090837,3.3306690738754696e-14,0.0,-0.9999999999999334,False
387,outputs/differentiation_sweep/dist_pol_sig_20.0_rbm_0.1_x0_25.0_dpsi_30.0/sim_data_20260612_121526/data.h5,sim_data_20260612_121526,dist_pol_sig_20.0_rbm_0.1_x0_25.0_dpsi_30.0,pol,0.1,25.0,25.0,20.0,50.0,pol,1.0,30.0,0.0,0.0,1.0,1.0,0.0,0.0,1.0,,1248169161,156.33206106241138,5.4567461660326444e-14,0.0,-0.9999999999998909,False
388,outputs/differentiation_sweep/dist_pol_sig_13.0_rbm_0.6_x0_25.0_dpsi_30.0/sim_data_20260610_205338/data.h5,sim_data_20260610_205338,dist_pol_sig_13.0_rbm_0.6_x0_25.0_dpsi_30.0,pol,0.6,25.0,25.0,13.0,50.0,pol,1.0,30.0,0.0,1.0,1.0,1.0,0.0,0.0,1.0,,1705800507,569.5616572668396,0.9999999999999724,0.0,0.9999999999999488,True
413,outputs/differentiation_sweep/dist_pol_sig_0.5_rbm_0.9_x0_25.0_dpsi_30.0/sim_data_20260610_102244/data.h5,sim_data_20260610_102244,dist_pol_sig_0.5_rbm_0.9_x0_25.0_dpsi_30.0,pol,0.9,25.0,25.0,0.5,50.0,pol,1.0,30.0,0.0,1.0,1.0,1.0,0.0,0.0,1.0,,1719601277,1.4137167092438045,3.3306690738754696e-14,0.0,-0.9999999999999334,False
422,outputs/differentiation_sweep/dist_pol_sig_11.5_rbm_0.9_x0_25.0_dpsi_30.0/sim_data_20260610_190843/data.h5,sim_data_20260610_190843,dist_pol_sig_11.5_rbm_0.9_x0_25.0_dpsi_30.0,pol,0.9,25.0,25.0,11.5,50.0,pol,1.0,30.0,0.0,1.0,1.0,1.0,0.0,0.0,1.0,,1285417362,704.0388931125242,0.9999999999999731,0.0,0.9999999999999541,True
432,outputs/differentiation_sweep/dist_pol_sig_0.5_rbm_0.6_x0_25.0_dpsi_30.0/sim_data_20260610_102244/data.h5,sim_data_20260610_102244,dist_pol_sig_0.5_rbm_0.6_x0_25.0_dpsi_30.0,pol,0.6,25.0,25.0,0.5,50.0,pol,1.0,30.0,0.0,1.0,1.0,1.0,0.0,0.0,1.0,,1450286256,0.942477806162536,3.3306690738754696e-14,0.0,-0.9999999999999334,False
440,outputs/differentiation_sweep/dist_pol_sig_20.0_rbm_0.6_x0_25.0_dpsi_30.0/sim_data_20260612_123003/data.h5,sim_data_20260612_123003,dist_pol_sig_20.0_rbm_0.6_x0_25.0_dpsi_30.0,pol,0.6,25.0,25.0,20.0,50.0,pol,1.0,30.0,0.0,0.0,1.0,1.0,0.0,0.0,1.0,,691956021,937.992366374468,0.9999999999999569,0.0,0.9999999999999161,True
446,outputs/differentiation_sweep/dist_pol_sig_1.0_rbm_0.9_x0_25.0_dpsi_30.0/sim_data_20260610_110702/data.h5,sim_data_20260610_110702,dist_pol_sig_1.0_rbm_0.9_x0_25.0_dpsi_30.0,pol,0.9,25.0,25.0,1.0,50.0,pol,1.0,30.0,0.0,1.0,1.0,1.0,0.0,0.0,1.0,,1787196534,5.654866776461628,3.3306690738754696e-14,0.0,-0.9999999999999334,False
451,outputs/differentiation_sweep/dist_pol_sig_10.0_rbm_0.5_x0_25.0_dpsi_30.0/sim_data_20260610_170659/data.h5,sim_data_20260610_170659,dist_pol_sig_10.0_rbm_0.5_x0_25.0_dpsi_30.0,pol,0.5,25.0,25.0,10.0,50.0,pol,1.0,30.0,0.0,1.0,1.0,1.0,0.0,0.0,1.0,,458338177,306.39309749648237,3.3306690738754696e-14,0.0,-0.9999999999999334,False
456,outputs/differentiation_sweep/dist_pol_sig_9.5_rbm_0.8_x0_25.0_dpsi_30.0/sim_data_20260610_163738/data.h5,sim_data_20260610_163738,dist_pol_sig_9.5_rbm_0.8_x0_25.0_dpsi_30.0,pol,0.8,25.0,25.0,9.5,50.0,pol,1.0,30.0,0.0,1.0,1.0,1.0,0.0,0.0,1.0,,248440336,445.95408647114914,3.3306690738754696e-14,0.0,-0.9999999999999334,False
466,outputs/differentiation_sweep/dist_pol_sig_11.5_rbm_0.6_x0_25.0_dpsi_30.0/sim_data_20260610_185420/data.h5,sim_data_20260610_185420,dist_pol_sig_11.5_rbm_0.6_x0_25.0_dpsi_30.0,pol,0.6,25.0,25.0,11.5,50.0,pol,1.0,30.0,0.0,1.0,1.0,1.0,0.0,0.0,1.0,,1329738186,469.3592620750162,0.9999999999999715,0.0,0.9999999999999488,True
473,outputs/differentiation_sweep/dist_pol_sig_9.0_rbm_1.0_x0_25.0_dpsi_30.0/sim_data_20260610_160738/data.h5,sim_data_20260610_160738,dist_pol_sig_9.0_rbm_1.0_x0_25.0_dpsi_30.0,pol,1.0,25.0,25.0,9.0,50.0,pol,1.0,30.0,0.0,1.0,1.0,1.0,0.0,0.0,1.0,,638515813,503.37003438193875,0.9999999999999666,0.0,0.9999999999999334,True
491,outputs/differentiation_sweep/dist_pol_sig_7.5_rbm_0.4_x0_25.0_dpsi_30.0/sim_data_20260610_135228/data.h5,sim_data_20260610_135228,dist_pol_sig_7.5_rbm_0.4_x0_25.0_dpsi_30.0,pol,0.4,25.0,25.0,7.5,50.0,pol,1.0,30.0,0.0,1.0,1.0,1.0,0.0,0.0,1.0,,1559179651,141.12807046948797,3.3306690738754696e-14,0.0,-0.9999999999999334,False
492,outputs/differentiation_sweep/dist_pol_sig_1.5_rbm_0.4_x0_25.0_dpsi_30.0/sim_data_20260610_112236/data.h5,sim_data_20260610_112236,dist_pol_sig_1.5_rbm_0.4_x0_25.0_dpsi_30.0,pol,0.4,25.0,25.0,1.5,50.0,pol,1.0,30.0,0.0,1.0,1.0,1.0,0.0,0.0,1.0,,1056665083,5.6548667764616285,3.3306690738754696e-14,0.0,-0.9999999999999334,False
508,outputs/differentiation_sweep/dist_pol_sig_12.0_rbm_1.0_x0_25.0_dpsi_30.0/sim_data_20260610_195324/data.h5,sim_data_20260610_195324,dist_pol_sig_12.0_rbm_1.0_x0_25.0_dpsi_30.0,pol,1.0,25.0,25.0,12.0,50.0,pol,1.0,30.0,0.0,1.0,1.0,1.0,0.0,0.0,1.0,,1615263131,838.6310640019885,0.9999999999999738,0.0,0.9999999999999556,True
529,outputs/differentiation_sweep/dist_pol_sig_11.5_rbm_0.4_x0_25.0_dpsi_30.0/sim_data_20260610_185311/data.h5,sim_data_20260610_185311,dist_pol_sig_11.5_rbm_0.4_x0_25.0_dpsi_30.0,pol,0.4,25.0,25.0,11.5,50.0,pol,1.0,30.0,0.0,1.0,1.0,1.0,0.0,0.0,1.0,,1686531109,312.90617471667747,3.3306690738754696e-14,0.0,-0.9999999999999334,False
538,outputs/differentiation_sweep/dist_pol_sig_12.0_rbm_0.9_x0_25.0_dpsi_30.0/sim_data_20260610_195254/data.h5,sim_data_20260610_195254,dist_pol_sig_12.0_rbm_0.9_x0_25.0_dpsi_30.0,pol,0.9,25.0,25.0,12.0,50.0,pol,1.0,30.0,0.0,1.0,1.0,1.0,0.0,0.0,1.0,,1193680173,754.7679576017897,0.9999999999999735,0.0,0.9999999999999541,True
539,outputs/differentiation_sweep/dist_pol_sig_20.0_rbm_0.4_x0_25.0_dpsi_30.0/sim_data_20260612_122958/data.h5,sim_data_20260612_122958,dist_pol_sig_20.0_rbm_0.4_x0_25.0_dpsi_30.0,pol,0.4,25.0,25.0,20.0,50.0,pol,1.0,30.0,0.0,0.0,1.0,1.0,0.0,0.0,1.0,,1186052389,625.3282442496455,0.9999999999999536,0.0,0.9999999999999091,True
540,outputs/differentiation_sweep/dist_pol_sig_12.0_rbm_0.4_x0_25.0_dpsi_30.0/sim_data_20260610_192427/data.h5,sim_data_20260610_192427,dist_pol_sig_12.0_rbm_0.4_x0_25.0_dpsi_30.0,pol,0.4,25.0,25.0,12.0,50.0,pol,1.0,30.0,0.0,1.0,1.0,1.0,0.0,0.0,1.0,,1192176165,335.45242560079544,3.3306690738754696e-14,0.0,-0.9999999999999334,False
552,outputs/differentiation_sweep/dist_pol_sig_11.0_rbm_0.6_x0_25.0_dpsi_30.0/sim_data_20260610_182302/data.h5,sim_data_20260610_182302,dist_pol_sig_11.0_rbm_0.6_x0_25.0_dpsi_30.0,pol,0.6,25.0,25.0,11.0,50.0,pol,1.0,30.0,0.0,1.0,1.0,1.0,0.0,0.0,1.0,,2028205696,435.3582190210051,0.9999999999999666,0.0,0.9999999999999334,True
566,outputs/differentiation_sweep/dist_pol_sig_1.5_rbm_1.0_x0_25.0_dpsi_30.0/sim_data_20260610_115121/data.h5,sim_data_20260610_115121,dist_pol_sig_1.5_rbm_1.0_x0_25.0_dpsi_30.0,pol,1.0,25.0,25.0,1.5,50.0,pol,1.0,30.0,0.0,1.0,1.0,1.0,0.0,0.0,1.0,,1911185843,14.13716694115407,3.3306690738754696e-14,0.0,-0.9999999999999334,False
569,outputs/differentiation_sweep/dist_pol_sig_25.0_rbm_0.7_x0_25.0_dpsi_30.0/sim_data_20260612_131320/data.h5,sim_data_20260612_131320,dist_pol_sig_25.0_rbm_0.7_x0_25.0_dpsi_30.0,pol,0.7,25.0,25.0,25.0,50.0,pol,1.0,30.0,0.0,0.0,1.0,1.0,0.0,0.0,1.0,,904836118,1281.1259708555456,0.9999999999999587,0.0,0.9999999999999192,True
576,outputs/differentiation_sweep/dist_pol_sig_12.0_rbm_0.2_x0_25.0_dpsi_30.0/sim_data_20260610_192317/data.h5,sim_data_20260610_192317,dist_pol_sig_12.0_rbm_0.2_x0_25.0_dpsi_30.0,pol,0.2,25.0,25.0,12.0,50.0,pol,1.0,30.0,0.0,1.0,1.0,1.0,0.0,0.0,1.0,,498738080,167.72621280039772,3.3306690738754696e-14,0.0,-0.9999999999999334,False
577,outputs/differentiation_sweep/dist_pol_sig_0.5_rbm_0.4_x0_25.0_dpsi_30.0/sim_data_20260609_164347/data.h5,sim_data_20260609_164347,dist_pol_sig_0.5_rbm_0.4_x0_25.0_dpsi_30.0,pol,0.4,25.0,25.0,0.5,50.0,pol,1.0,30.0,0.0,1.0,1.0,1.0,0.0,0.0,1.0,,425934353,0.6283185307179586,1.3322676295501878e-13,0.0,-0.9999999999997335,False
592,outputs/differentiation_sweep/dist_pol_sig_11.0_rbm_0.3_x0_25.0_dpsi_30.0/sim_data_20260610_180831/data.h5,sim_data_20260610_180831,dist_pol_sig_11.0_rbm_0.3_x0_25.0_dpsi_30.0,pol,0.3,25.0,25.0,11.0,50.0,pol,1.0,30.0,0.0,1.0,1.0,1.0,0.0,0.0,1.0,,843970910,217.67910951050254,3.3306690738754696e-14,0.0,-0.9999999999999334,False
629,outputs/differentiation_sweep/dist_pol_sig_9.5_rbm_0.2_x0_25.0_dpsi_30.0/sim_data_20260610_160848/data.h5,sim_data_20260610_160848,dist_pol_sig_9.5_rbm_0.2_x0_25.0_dpsi_30.0,pol,0.2,25.0,25.0,9.5,50.0,pol,1.0,30.0,0.0,1.0,1.0,1.0,0.0,0.0,1.0,,757334956,111.48852161778728,3.3306690738754696e-14,0.0,-0.9999999999999334,False
635,outputs/differentiation_sweep/dist_pol_sig_10.5_rbm_0.3_x0_25.0_dpsi_30.0/sim_data_20260610_173657/data.h5,sim_data_20260610_173657,dist_pol_sig_10.5_rbm_0.3_x0_25.0_dpsi_30.0,pol,0.3,25.0,25.0,10.5,50.0,pol,1.0,30.0,0.0,1.0,1.0,1.0,0.0,0.0,1.0,,44988131,200.6925853970297,3.3306690738754696e-14,0.0,-0.9999999999999334,False
653,outputs/differentiation_sweep/dist_pol_sig_14.5_rbm_0.4_x0_25.0_dpsi_30.0/sim_data_20260610_223852/data.h5,sim_data_20260610_223852,dist_pol_sig_14.5_rbm_0.4_x0_25.0_dpsi_30.0,pol,0.4,25.0,25.0,14.5,50.0,pol,1.0,30.0,0.0,1.0,1.0,1.0,0.0,0.0,1.0,,1496790187,442.6798069929539,3.3306690738754696e-14,0.0,-0.9999999999999334,False
654,outputs/differentiation_sweep/dist_pol_sig_8.0_rbm_0.6_x0_25.0_dpsi_30.0/sim_data_20260610_143727/data.h5,sim_data_20260610_143727,dist_pol_sig_8.0_rbm_0.6_x0_25.0_dpsi_30.0,pol,0.6,25.0,25.0,8.0,50.0,pol,1.0,30.0,0.0,1.0,1.0,1.0,0.0,0.0,1.0,,691205077,240.41412218690942,3.3306690738754696e-14,0.0,-0.9999999999999334,False
656,outputs/differentiation_sweep/dist_pol_sig_25.0_rbm_1.0_x0_25.0_dpsi_30.0/sim_data_20260612_132750/data.h5,sim_data_20260612_132750,dist_pol_sig_25.0_rbm_1.0_x0_25.0_dpsi_30.0,pol,1.0,25.0,25.0,25.0,50.0,pol,1.0,30.0,0.0,0.0,1.0,1.0,0.0,0.0,1.0,,43372324,1830.1799583650652,0.9999999999999626,0.0,0.9999999999999273,True
687,outputs/differentiation_sweep/dist_pol_sig_12.5_rbm_0.5_x0_25.0_dpsi_30.0/sim_data_20260610_200857/data.h5,sim_data_20260610_200857,dist_pol_sig_12.5_rbm_0.5_x0_25.0_dpsi_30.0,pol,0.5,25.0,25.0,12.5,50.0,pol,1.0,30.0,0.0,1.0,1.0,1.0,0.0,0.0,1.0,,1329992690,447.19333367832314,3.3306690738754696e-14,0.0,-0.9999999999999334,False
688,outputs/differentiation_sweep/dist_pol_sig_13.0_rbm_0.5_x0_25.0_dpsi_30.0/sim_data_20260610_205305/data.h5,sim_data_20260610_205305,dist_pol_sig_13.0_rbm_0.5_x0_25.0_dpsi_30.0,pol,0.5,25.0,25.0,13.0,50.0,pol,1.0,30.0,0.0,1.0,1.0,1.0,0.0,0.0,1.0,,1158925622,474.634714389033,0.999999999999972,0.0,0.9999999999999467,True
690,outputs/differentiation_sweep/dist_pol_sig_7.5_rbm_0.5_x0_25.0_dpsi_30.0/sim_data_20260610_135259/data.h5,sim_data_20260610_135259,dist_pol_sig_7.5_rbm_0.5_x0_25.0_dpsi_30.0,pol,0.5,25.0,25.0,7.5,50.0,pol,1.0,30.0,0.0,1.0,1.0,1.0,0.0,0.0,1.0,,857149744,176.41008808686,3.3306690738754696e-14,0.0,-0.9999999999999334,False
692,outputs/differentiation_sweep/dist_pol_sig_30.0_rbm_0.8_x0_25.0_dpsi_30.0/sim_data_20260612_135651/data.h5,sim_data_20260612_135651,dist_pol_sig_30.0_rbm_0.8_x0_25.0_dpsi_30.0,pol,0.8,25.0,25.0,30.0,50.0,pol,1.0,30.0,0.0,0.0,1.0,1.0,0.0,0.0,1.0,,2054382352,1603.3839430044395,0.9999999999999605,0.0,0.9999999999999221,True
695,outputs/differentiation_sweep/dist_pol_sig_2.5_rbm_0.1_x0_25.0_dpsi_30.0/sim_data_20260610_122342/data.h5,sim_data_20260610_122342,dist_pol_sig_2.5_rbm_0.1_x0_25.0_dpsi_30.0,pol,0.1,25.0,25.0,2.5,50.0,pol,1.0,30.0,0.0,1.0,1.0,1.0,0.0,0.0,1.0,,3932587,3.926990816987242,3.3306690738754696e-14,0.0,-0.9999999999999334,False
698,outputs/differentiation_sweep/dist_pol_sig_13.0_rbm_1.0_x0_25.0_dpsi_30.0/sim_data_20260610_210835/data.h5,sim_data_20260610_210835,dist_pol_sig_13.0_rbm_1.0_x0_25.0_dpsi_30.0,pol,1.0,25.0,25.0,13.0,50.0,pol,1.0,30.0,0.0,1.0,1.0,1.0,0.0,0.0,1.0,,907743861,949.269428778066,0.9999999999999741,0.0,0.9999999999999556,True
703,outputs/differentiation_sweep/dist_pol_sig_2.0_rbm_1.0_x0_25.0_dpsi_30.0/sim_data_20260610_122307/data.h5,sim_data_20260610_122307,dist_pol_sig_2.0_rbm_1.0_x0_25.0_dpsi_30.0,pol,1.0,25.0,25.0,2.0,50.0,pol,1.0,30.0,0.0,1.0,1.0,1.0,0.0,0.0,1.0,,954120067,25.132741228718345,3.3306690738754696e-14,0.0,-0.9999999999999334,False
710,outputs/differentiation_sweep/dist_pol_sig_25.0_rbm_0.2_x0_25.0_dpsi_30.0/sim_data_20260612_125842/data.h5,sim_data_20260612_125842,dist_pol_sig_25.0_rbm_0.2_x0_25.0_dpsi_30.0,pol,0.2,25.0,25.0,25.0,50.0,pol,1.0,30.0,0.0,0.0,1.0,1.0,0.0,0.0,1.0,,792575044,366.0359916730131,5.4567461660326444e-14,0.0,-0.9999999999998909,False
725,outputs/differentiation_sweep/dist_pol_sig_7.0_rbm_0.8_x0_25.0_dpsi_30.0/sim_data_20260610_132336/data.h5,sim_data_20260610_132336,dist_pol_sig_7.0_rbm_0.8_x0_25.0_dpsi_30.0,pol,0.8,25.0,25.0,7.0,50.0,pol,1.0,30.0,0.0,1.0,1.0,1.0,0.0,0.0,1.0,,1039775910,246.12498911989476,3.3306690738754696e-14,0.0,-0.9999999999999334,False
729,outputs/differentiation_sweep/dist_pol_sig_8.5_rbm_0.8_x0_25.0_dpsi_30.0/sim_data_20260610_152238/data.h5,sim_data_20260610_152238,dist_pol_sig_8.5_rbm_0.8_x0_25.0_dpsi_30.0,pol,0.8,25.0,25.0,8.5,50.0,pol,1.0,30.0,0.0,1.0,1.0,1.0,0.0,0.0,1.0,,360244440,360.79062569791677,3.3306690738754696e-14,0.0,-0.9999999999999334,False
754,outputs/differentiation_sweep/dist_pol_sig_14.5_rbm_0.5_x0_25.0_dpsi_30.0/sim_data_20260610_223930/data.h5,sim_data_20260610_223930,dist_pol_sig_14.5_rbm_0.5_x0_25.0_dpsi_30.0,pol,0.5,25.0,25.0,14.5,50.0,pol,1.0,30.0,0.0,1.0,1.0,1.0,0.0,0.0,1.0,,341163573,553.3497587411923,0.9999999999999724,0.0,0.9999999999999467,True
761,outputs/differentiation_sweep/dist_pol_sig_14.5_rbm_0.2_x0_25.0_dpsi_30.0/sim_data_20260610_222521/data.h5,sim_data_20260610_222521,dist_pol_sig_14.5_rbm_0.2_x0_25.0_dpsi_30.0,pol,0.2,25.0,25.0,14.5,50.0,pol,1.0,30.0,0.0,1.0,1.0,1.0,0.0,0.0,1.0,,19676704,221.33990349647695,3.3306690738754696e-14,0.0,-0.9999999999999334,False
778,outputs/differentiation_sweep/dist_pol_sig_2.0_rbm_0.8_x0_25.0_dpsi_30.0/sim_data_20260610_122144/data.h5,sim_data_20260610_122144,dist_pol_sig_2.0_rbm_0.8_x0_25.0_dpsi_30.0,pol,0.8,25.0,25.0,2.0,50.0,pol,1.0,30.0,0.0,1.0,1.0,1.0,0.0,0.0,1.0,,429756429,20.10619298297468,3.3306690738754696e-14,0.0,-0.9999999999999334,False
793,outputs/differentiation_sweep/dist_pol_sig_7.5_rbm_0.2_x0_25.0_dpsi_30.0/sim_data_20260610_133832/data.h5,sim_data_20260610_133832,dist_pol_sig_7.5_rbm_0.2_x0_25.0_dpsi_30.0,pol,0.2,25.0,25.0,7.5,50.0,pol,1.0,30.0,0.0,1.0,1.0,1.0,0.0,0.0,1.0,,925325292,70.56403523474398,3.3306690738754696e-14,0.0,-0.9999999999999334,False
794,outputs/differentiation_sweep/dist_pol_sig_13.5_rbm_0.5_x0_25.0_dpsi_30.0/sim_data_20260610_212412/data.h5,sim_data_20260610_212412,dist_pol_sig_13.5_rbm_0.5_x0_25.0_dpsi_30.0,pol,0.5,25.0,25.0,13.5,50.0,pol,1.0,30.0,0.0,1.0,1.0,1.0,0.0,0.0,1.0,,278096319,501.53030537036483,0.999999999999972,0.0,0.9999999999999467,True
796,outputs/differentiation_sweep/dist_pol_sig_11.0_rbm_0.9_x0_25.0_dpsi_30.0/sim_data_20260610_183729/data.h5,sim_data_20260610_183729,dist_pol_sig_11.0_rbm_0.9_x0_25.0_dpsi_30.0,pol,0.9,25.0,25.0,11.0,50.0,pol,1.0,30.0,0.0,1.0,1.0,1.0,0.0,0.0,1.0,,458961267,653.0373285315077,0.9999999999999727,0.0,0.9999999999999541,True
812,outputs/differentiation_sweep/dist_pol_sig_25.0_rbm_0.8_x0_25.0_dpsi_30.0/sim_data_20260612_131328/data.h5,sim_data_20260612_131328,dist_pol_sig_25.0_rbm_0.8_x0_25.0_dpsi_30.0,pol,0.8,25.0,25.0,25.0,50.0,pol,1.0,30.0,0.0,0.0,1.0,1.0,0.0,0.0,1.0,,1367371932,1464.1439666920523,0.9999999999999603,0.0,0.9999999999999221,True
819,outputs/differentiation_sweep/dist_pol_sig_9.0_rbm_0.5_x0_25.0_dpsi_30.0/sim_data_20260610_155153/data.h5,sim_data_20260610_155153,dist_pol_sig_9.0_rbm_0.5_x0_25.0_dpsi_30.0,pol,0.5,25.0,25.0,9.0,50.0,pol,1.0,30.0,0.0,1.0,1.0,1.0,0.0,0.0,1.0,,1732541933,251.68501719096938,3.3306690738754696e-14,0.0,-0.9999999999999334,False
829,outputs/differentiation_sweep/dist_pol_sig_13.5_rbm_0.4_x0_25.0_dpsi_30.0/sim_data_20260610_212342/data.h5,sim_data_20260610_212342,dist_pol_sig_13.5_rbm_0.4_x0_25.0_dpsi_30.0,pol,0.4,25.0,25.0,13.5,50.0,pol,1.0,30.0,0.0,1.0,1.0,1.0,0.0,0.0,1.0,,1651086667,401.2242442962919,3.3306690738754696e-14,0.0,-0.9999999999999334,False
836,outputs/differentiation_sweep/dist_pol_sig_1.0_rbm_0.6_x0_25.0_dpsi_30.0/sim_data_20260610_105243/data.h5,sim_data_20260610_105243,dist_pol_sig_1.0_rbm_0.6_x0_25.0_dpsi_30.0,pol,0.6,25.0,25.0,1.0,50.0,pol,1.0,30.0,0.0,1.0,1.0,1.0,0.0,0.0,1.0,,934315603,3.7699111843077517,3.3306690738754696e-14,0.0,-0.9999999999999334,False
840,outputs/differentiation_sweep/dist_pol_sig_0.5_rbm_0.3_x0_25.0_dpsi_30.0/sim_data_20260609_142112/data.h5,sim_data_20260609_142112,dist_pol_sig_0.5_rbm_0.3_x0_25.0_dpsi_30.0,pol,0.3,25.0,25.0,0.5,50.0,pol,1.0,30.0,0.0,1.0,1.0,1.0,0.0,0.0,1.0,,1206531013,0.47123889803846897,1.3322676295501878e-13,0.0,-0.9999999999997335,False
847,outputs/differentiation_sweep/dist_pol_sig_9.5_rbm_0.7_x0_25.0_dpsi_30.0/sim_data_20260610_163653/data.h5,sim_data_20260610_163653,dist_pol_sig_9.5_rbm_0.7_x0_25.0_dpsi_30.0,pol,0.7,25.0,25.0,9.5,50.0,pol,1.0,30.0,0.0,1.0,1.0,1.0,0.0,0.0,1.0,,722175400,390.2098256622554,3.3306690738754696e-14,0.0,-0.9999999999999334,False
851,outputs/differentiation_sweep/dist_pol_sig_14.0_rbm_0.9_x0_25.0_dpsi_30.0/sim_data_20260610_222309/data.h5,sim_data_20260610_222309,dist_pol_sig_14.0_rbm_0.9_x0_25.0_dpsi_30.0,pol,0.9,25.0,25.0,14.0,50.0,pol,1.0,30.0,0.0,1.0,1.0,1.0,0.0,0.0,1.0,,617094238,950.0250496425195,0.9999999999999741,0.0,0.9999999999999541,True
854,outputs/differentiation_sweep/dist_pol_sig_10.5_rbm_0.7_x0_25.0_dpsi_30.0/sim_data_20260610_175205/data.h5,sim_data_20260610_175205,dist_pol_sig_10.5_rbm_0.7_x0_25.0_dpsi_30.0,pol,0.7,25.0,25.0,10.5,50.0,pol,1.0,30.0,0.0,1.0,1.0,1.0,0.0,0.0,1.0,,97469533,468.282699259736,0.9999999999999715,0.0,0.9999999999999507,True
863,outputs/differentiation_sweep/dist_pol_sig_1.5_rbm_0.5_x0_25.0_dpsi_30.0/sim_data_20260610_112312/data.h5,sim_data_20260610_112312,dist_pol_sig_1.5_rbm_0.5_x0_25.0_dpsi_30.0,pol,0.5,25.0,25.0,1.5,50.0,pol,1.0,30.0,0.0,1.0,1.0,1.0,0.0,0.0,1.0,,394624781,7.068583470577035,3.3306690738754696e-14,0.0,-0.9999999999999334,False
881,outputs/differentiation_sweep/dist_pol_sig_13.5_rbm_0.8_x0_25.0_dpsi_30.0/sim_data_20260610_213841/data.h5,sim_data_20260610_213841,dist_pol_sig_13.5_rbm_0.8_x0_25.0_dpsi_30.0,pol,0.8,25.0,25.0,13.5,50.0,pol,1.0,30.0,0.0,1.0,1.0,1.0,0.0,0.0,1.0,,1890365574,802.4484885925838,0.9999999999999735,0.0,0.9999999999999525,True
882,outputs/differentiation_sweep/dist_pol_sig_7.5_rbm_0.9_x0_25.0_dpsi_30.0/sim_data_20260610_140754/data.h5,sim_data_20260610_140754,dist_pol_sig_7.5_rbm_0.9_x0_25.0_dpsi_30.0,pol,0.9,25.0,25.0,7.5,50.0,pol,1.0,30.0,0.0,1.0,1.0,1.0,0.0,0.0,1.0,,1110905775,317.538158556348,3.3306690738754696e-14,0.0,-0.9999999999999334,False
886,outputs/differentiation_sweep/dist_pol_sig_30.0_rbm_0.1_x0_25.0_dpsi_30.0/sim_data_20260612_132758/data.h5,sim_data_20260612_132758,dist_pol_sig_30.0_rbm_0.1_x0_25.0_dpsi_30.0,pol,0.1,25.0,25.0,30.0,50.0,pol,1.0,30.0,0.0,0.0,1.0,1.0,0.0,0.0,1.0,,2129730423,200.42299287555494,5.4567461660326444e-14,0.0,-0.9999999999998909,False
901,outputs/differentiation_sweep/dist_pol_sig_9.0_rbm_0.6_x0_25.0_dpsi_30.0/sim_data_20260610_155242/data.h5,sim_data_20260610_155242,dist_pol_sig_9.0_rbm_0.6_x0_25.0_dpsi_30.0,pol,0.6,25.0,25.0,9.0,50.0,pol,1.0,30.0,0.0,1.0,1.0,1.0,0.0,0.0,1.0,,1178662779,302.0220206291632,3.3306690738754696e-14,0.0,-0.9999999999999334,False
903,outputs/differentiation_sweep/dist_pol_sig_14.0_rbm_1.0_x0_25.0_dpsi_30.0/sim_data_20260610_222350/data.h5,sim_data_20260610_222350,dist_pol_sig_14.0_rbm_1.0_x0_25.0_dpsi_30.0,pol,1.0,25.0,25.0,14.0,50.0,pol,1.0,30.0,0.0,1.0,1.0,1.0,0.0,0.0,1.0,,1252126212,1055.5833884916883,0.9999999999999746,0.0,0.9999999999999556,True
928,outputs/differentiation_sweep/dist_pol_sig_25.0_rbm_0.1_x0_25.0_dpsi_30.0/sim_data_20260612_125836/data.h5,sim_data_20260612_125836,dist_pol_sig_25.0_rbm_0.1_x0_25.0_dpsi_30.0,pol,0.1,25.0,25.0,25.0,50.0,pol,1.0,30.0,0.0,0.0,1.0,1.0,0.0,0.0,1.0,,1120101310,183.01799583650654,5.4567461660326444e-14,0.0,-0.9999999999998909,False
933,outputs/differentiation_sweep/dist_pol_sig_10.5_rbm_0.9_x0_25.0_dpsi_30.0/sim_data_20260610_175331/data.h5,sim_data_20260610_175331,dist_pol_sig_10.5_rbm_0.9_x0_25.0_dpsi_30.0,pol,0.9,25.0,25.0,10.5,50.0,pol,1.0,30.0,0.0,1.0,1.0,1.0,0.0,0.0,1.0,,2026655584,602.0777561910891,0.999999999999972,0.0,0.9999999999999541,True
934,outputs/differentiation_sweep/dist_pol_sig_7.5_rbm_0.8_x0_25.0_dpsi_30.0/sim_data_20260610_140718/data.h5,sim_data_20260610_140718,dist_pol_sig_7.5_rbm_0.8_x0_25.0_dpsi_30.0,pol,0.8,25.0,25.0,7.5,50.0,pol,1.0,30.0,0.0,1.0,1.0,1.0,0.0,0.0,1.0,,1261663826,282.25614093897593,3.3306690738754696e-14,0.0,-0.9999999999999334,False
938,outputs/differentiation_sweep/dist_pol_sig_8.0_rbm_0.1_x0_25.0_dpsi_30.0/sim_data_20260610_142143/data.h5,sim_data_20260610_142143,dist_pol_sig_8.0_rbm_0.1_x0_25.0_dpsi_30.0,pol,0.1,25.0,25.0,8.0,50.0,pol,1.0,30.0,0.0,1.0,1.0,1.0,0.0,0.0,1.0,,1500518800,40.06902036448491,3.3306690738754696e-14,0.0,-0.9999999999999334,False
939,outputs/differentiation_sweep/dist_pol_sig_1.5_rbm_0.2_x0_25.0_dpsi_30.0/sim_data_20260610_112130/data.h5,sim_data_20260610_112130,dist_pol_sig_1.5_rbm_0.2_x0_25.0_dpsi_30.0,pol,0.2,25.0,25.0,1.5,50.0,pol,1.0,30.0,0.0,1.0,1.0,1.0,0.0,0.0,1.0,,1850339775,2.8274333882308142,3.3306690738754696e-14,0.0,-0.9999999999999334,False
941,outputs/differentiation_sweep/dist_pol_sig_2.5_rbm_0.3_x0_25.0_dpsi_30.0/sim_data_20260610_123719/data.h5,sim_data_20260610_123719,dist_pol_sig_2.5_rbm_0.3_x0_25.0_dpsi_30.0,pol,0.3,25.0,25.0,2.5,50.0,pol,1.0,30.0,0.0,1.0,1.0,1.0,0.0,0.0,1.0,,1343865480,11.780972450961723,3.3306690738754696e-14,0.0,-0.9999999999999334,False
948,outputs/differentiation_sweep/dist_pol_sig_0.5_rbm_1.0_x0_25.0_dpsi_30.0/sim_data_20260610_103706/data.h5,sim_data_20260610_103706,dist_pol_sig_0.5_rbm_1.0_x0_25.0_dpsi_30.0,pol,1.0,25.0,25.0,0.5,50.0,pol,1.0,30.0,0.0,1.0,1.0,1.0,0.0,0.0,1.0,,113531811,1.5707963436042267,3.3306690738754696e-14,0.0,-0.9999999999999334,False
964,outputs/differentiation_sweep/dist_pol_sig_7.0_rbm_0.9_x0_25.0_dpsi_30.0/sim_data_20260610_133634/data.h5,sim_data_20260610_133634,dist_pol_sig_7.0_rbm_0.9_x0_25.0_dpsi_30.0,pol,0.9,25.0,25.0,7.0,50.0,pol,1.0,30.0,0.0,1.0,1.0,1.0,0.0,0.0,1.0,,500404628,276.8906127598816,3.3306690738754696e-14,0.0,-0.9999999999999334,False
967,outputs/differentiation_sweep/dist_pol_sig_20.0_rbm_0.3_x0_25.0_dpsi_30.0/sim_data_20260612_122946/data.h5,sim_data_20260612_122946,dist_pol_sig_20.0_rbm_0.3_x0_25.0_dpsi_30.0,pol,0.3,25.0,25.0,20.0,50.0,pol,1.0,30.0,0.0,0.0,1.0,1.0,0.0,0.0,1.0,,181632251,468.996183187234,5.4567461660326444e-14,0.0,-0.9999999999998909,False
973,outputs/differentiation_sweep/dist_pol_sig_9.0_rbm_0.4_x0_25.0_dpsi_30.0/sim_data_20260610_153846/data.h5,sim_data_20260610_153846,dist_pol_sig_9.0_rbm_0.4_x0_25.0_dpsi_30.0,pol,0.4,25.0,25.0,9.0,50.0,pol,1.0,30.0,0.0,1.0,1.0,1.0,0.0,0.0,1.0,,849138235,201.3480137527755,3.3306690738754696e-14,0.0,-0.9999999999999334,False
984,outputs/differentiation_sweep/dist_pol_sig_7.0_rbm_0.6_x0_25.0_dpsi_30.0/sim_data_20260610_132226/data.h5,sim_data_20260610_132226,dist_pol_sig_7.0_rbm_0.6_x0_25.0_dpsi_30.0,pol,0.6,25.0,25.0,7.0,50.0,pol,1.0,30.0,0.0,1.0,1.0,1.0,0.0,0.0,1.0,,393811778,184.59374183992105,3.3306690738754696e-14,0.0,-0.9999999999999334,False
986,outputs/differentiation_sweep/dist_pol_sig_9.5_rbm_0.3_x0_25.0_dpsi_30.0/sim_data_20260610_162158/data.h5,sim_data_20260610_162158,dist_pol_sig_9.5_rbm_0.3_x0_25.0_dpsi_30.0,pol,0.3,25.0,25.0,9.5,50.0,pol,1.0,30.0,0.0,1.0,1.0,1.0,0.0,0.0,1.0,,981855695,167.2327824266809,3.3306690738754696e-14,0.0,-0.9999999999999334,False
987,outputs/differentiation_sweep/dist_pol_sig_2.0_rbm_0.1_x0_25.0_dpsi_30.0/sim_data_20260610_115154/data.h5,sim_data_20260610_115154,dist_pol_sig_2.0_rbm_0.1_x0_25.0_dpsi_30.0,pol,0.1,25.0,25.0,2.0,50.0,pol,1.0,30.0,0.0,1.0,1.0,1.0,0.0,0.0,1.0,,183448249,2.513274122871835,3.3306690738754696e-14,0.0,-0.9999999999999334,False
1003,outputs/differentiation_sweep/dist_pol_sig_30.0_rbm_0.2_x0_25.0_dpsi_30.0/sim_data_20260612_132801/data.h5,sim_data_20260612_132801,dist_pol_sig_30.0_rbm_0.2_x0_25.0_dpsi_30.0,pol,0.2,25.0,25.0,30.0,50.0,pol,1.0,30.0,0.0,0.0,1.0,1.0,0.0,0.0,1.0,,878919981,400.8459857511099,5.4567461660326444e-14,0.0,-0.9999999999998909,False
1007,outputs/differentiation_sweep/dist_pol_sig_14.0_rbm_0.4_x0_25.0_dpsi_30.0/sim_data_20260610_215514/data.h5,sim_data_20260610_215514,dist_pol_sig_14.0_rbm_0.4_x0_25.0_dpsi_30.0,pol,0.4,25.0,25.0,14.0,50.0,pol,1.0,30.0,0.0,1.0,1.0,1.0,0.0,0.0,1.0,,186675082,422.2333553966753,3.3306690738754696e-14,0.0,-0.9999999999999334,False
1010,outputs/differentiation_sweep/dist_pol_sig_11.5_rbm_0.2_x0_25.0_dpsi_30.0/sim_data_20260610_183914/data.h5,sim_data_20260610_183914,dist_pol_sig_11.5_rbm_0.2_x0_25.0_dpsi_30.0,pol,0.2,25.0,25.0,11.5,50.0,pol,1.0,30.0,0.0,1.0,1.0,1.0,0.0,0.0,1.0,,1044103346,156.45308735833873,3.3306690738754696e-14,0.0,-0.9999999999999334,False
1035,outputs/differentiation_sweep/dist_pol_sig_7.5_rbm_0.3_x0_25.0_dpsi_30.0/sim_data_20260610_135141/data.h5,sim_data_20260610_135141,dist_pol_sig_7.5_rbm_0.3_x0_25.0_dpsi_30.0,pol,0.3,25.0,25.0,7.5,50.0,pol,1.0,30.0,0.0,1.0,1.0,1.0,0.0,0.0,1.0,,160996426,105.84605285211599,3.3306690738754696e-14,0.0,-0.9999999999999334,False
1036,outputs/differentiation_sweep/dist_pol_sig_15.0_rbm_0.8_x0_25.0_dpsi_30.0/sim_data_20260612_120102/data.h5,sim_data_20260612_120102,dist_pol_sig_15.0_rbm_0.8_x0_25.0_dpsi_30.0,pol,0.8,25.0,25.0,15.0,50.0,pol,1.0,30.0,0.0,0.0,1.0,1.0,0.0,0.0,1.0,,1419017253,925.0687595976343,0.9999999999999574,0.0,0.9999999999999221,True
1037,outputs/differentiation_sweep/dist_pol_sig_15.0_rbm_0.8_x0_25.0_dpsi_30.0/sim_data_20260610_232535/data.h5,sim_data_20260610_232535,dist_pol_sig_15.0_rbm_0.8_x0_25.0_dpsi_30.0,pol,0.8,25.0,25.0,15.0,50.0,pol,1.0,30.0,0.0,1.0,1.0,1.0,0.0,0.0,1.0,,270790249,925.0442861920571,0.9999999999999741,0.0,0.9999999999999525,True
1051,outputs/differentiation_sweep/dist_pol_sig_1.0_rbm_0.1_x0_25.0_dpsi_30.0/sim_data_20260610_103707/data.h5,sim_data_20260610_103707,dist_pol_sig_1.0_rbm_0.1_x0_25.0_dpsi_30.0,pol,0.1,25.0,25.0,1.0,50.0,pol,1.0,30.0,0.0,1.0,1.0,1.0,0.0,0.0,1.0,,1152422524,0.6283185307179586,3.3306690738754696e-14,0.0,-0.9999999999999334,False
1054,outputs/differentiation_sweep/dist_pol_sig_30.0_rbm_0.5_x0_25.0_dpsi_30.0/sim_data_20260612_134227/data.h5,sim_data_20260612_134227,dist_pol_sig_30.0_rbm_0.5_x0_25.0_dpsi_30.0,pol,0.5,25.0,25.0,30.0,50.0,pol,1.0,30.0,0.0,0.0,1.0,1.0,0.0,0.0,1.0,,888068519,1002.1149643777746,0.9999999999999556,0.0,0.9999999999999127,True
1055,outputs/differentiation_sweep/dist_pol_sig_1.0_rbm_0.7_x0_25.0_dpsi_30.0/sim_data_20260610_105315/data.h5,sim_data_20260610_105315,dist_pol_sig_1.0_rbm_0.7_x0_25.0_dpsi_30.0,pol,0.7,25.0,25.0,1.0,50.0,pol,1.0,30.0,0.0,1.0,1.0,1.0,0.0,0.0,1.0,,2104253803,4.39822971502571,3.3306690738754696e-14,0.0,-0.9999999999999334,False
1059,outputs/differentiation_sweep/dist_pol_sig_9.5_rbm_0.4_x0_25.0_dpsi_30.0/sim_data_20260610_162242/data.h5,sim_data_20260610_162242,dist_pol_sig_9.5_rbm_0.4_x0_25.0_dpsi_30.0,pol,0.4,25.0,25.0,9.5,50.0,pol,1.0,30.0,0.0,1.0,1.0,1.0,0.0,0.0,1.0,,750612188,222.97704323557457,3.3306690738754696e-14,0.0,-0.9999999999999334,False
1064,outputs/differentiation_sweep/dist_pol_sig_8.0_rbm_0.3_x0_25.0_dpsi_30.0/sim_data_20260610_142302/data.h5,sim_data_20260610_142302,dist_pol_sig_8.0_rbm_0.3_x0_25.0_dpsi_30.0,pol,0.3,25.0,25.0,8.0,50.0,pol,1.0,30.0,0.0,1.0,1.0,1.0,0.0,0.0,1.0,,1938313042,120.20706109345471,3.3306690738754696e-14,0.0,-0.9999999999999334,False
1068,outputs/differentiation_sweep/dist_pol_sig_14.5_rbm_0.9_x0_25.0_dpsi_30.0/sim_data_20260610_225436/data.h5,sim_data_20260610_225436,dist_pol_sig_14.5_rbm_0.9_x0_25.0_dpsi_30.0,pol,0.9,25.0,25.0,14.5,50.0,pol,1.0,30.0,0.0,1.0,1.0,1.0,0.0,0.0,1.0,,668503428,996.0295657341462,0.9999999999999741,0.0,0.9999999999999541,True
1081,outputs/differentiation_sweep/dist_pol_sig_8.5_rbm_0.4_x0_25.0_dpsi_30.0/sim_data_20260610_150734/data.h5,sim_data_20260610_150734,dist_pol_sig_8.5_rbm_0.4_x0_25.0_dpsi_30.0,pol,0.4,25.0,25.0,8.5,50.0,pol,1.0,30.0,0.0,1.0,1.0,1.0,0.0,0.0,1.0,,467777855,180.39531284895838,3.3306690738754696e-14,0.0,-0.9999999999999334,False
1082,outputs/differentiation_sweep/dist_pol_sig_10.0_rbm_0.9_x0_25.0_dpsi_30.0/sim_data_20260610_172203/data.h5,sim_data_20260610_172203,dist_pol_sig_10.0_rbm_0.9_x0_25.0_dpsi_30.0,pol,0.9,25.0,25.0,10.0,50.0,pol,1.0,30.0,0.0,1.0,1.0,1.0,0.0,0.0,1.0,,622119956,551.5075754936684,0.9999999999999718,0.0,0.9999999999999541,True
1113,outputs/differentiation_sweep/dist_pol_sig_30.0_rbm_1.0_x0_25.0_dpsi_30.0/sim_data_20260612_135705/data.h5,sim_data_20260612_135705,dist_pol_sig_30.0_rbm_1.0_x0_25.0_dpsi_30.0,pol,1.0,25.0,25.0,30.0,50.0,pol,1.0,30.0,0.0,0.0,1.0,1.0,0.0,0.0,1.0,,1143141077,2004.2299287555493,0.9999999999999634,0.0,0.9999999999999273,True
1117,outputs/differentiation_sweep/dist_pol_sig_9.0_rbm_0.2_x0_25.0_dpsi_30.0/sim_data_20260610_153738/data.h5,sim_data_20260610_153738,dist_pol_sig_9.0_rbm_0.2_x0_25.0_dpsi_30.0,pol,0.2,25.0,25.0,9.0,50.0,pol,1.0,30.0,0.0,1.0,1.0,1.0,0.0,0.0,1.0,,114180181,100.67400687638775,3.3306690738754696e-14,0.0,-0.9999999999999334,False
1128,outputs/differentiation_sweep/dist_pol_sig_7.0_rbm_0.5_x0_25.0_dpsi_30.0/sim_data_20260610_132138/data.h5,sim_data_20260610_132138,dist_pol_sig_7.0_rbm_0.5_x0_25.0_dpsi_30.0,pol,0.5,25.0,25.0,7.0,50.0,pol,1.0,30.0,0.0,1.0,1.0,1.0,0.0,0.0,1.0,,241231096,153.82811819993424,3.3306690738754696e-14,0.0,-0.9999999999999334,False
1136,outputs/differentiation_sweep/dist_pol_sig_12.0_rbm_0.5_x0_25.0_dpsi_30.0/sim_data_20260610_193748/data.h5,sim_data_20260610_193748,dist_pol_sig_12.0_rbm_0.5_x0_25.0_dpsi_30.0,pol,0.5,25.0,25.0,12.0,50.0,pol,1.0,30.0,0.0,1.0,1.0,1.0,0.0,0.0,1.0,,946576023,419.31553200099427,3.3306690738754696e-14,0.0,-0.9999999999999334,False
1163,outputs/differentiation_sweep/dist_pol_sig_25.0_rbm_0.6_x0_25.0_dpsi_30.0/sim_data_20260612_131319/data.h5,sim_data_20260612_131319,dist_pol_sig_25.0_rbm_0.6_x0_25.0_dpsi_30.0,pol,0.6,25.0,25.0,25.0,50.0,pol,1.0,30.0,0.0,0.0,1.0,1.0,0.0,0.0,1.0,,1516727618,1098.1079750190388,0.9999999999999571,0.0,0.9999999999999161,True
1164,outputs/differentiation_sweep/dist_pol_sig_9.5_rbm_1.0_x0_25.0_dpsi_30.0/sim_data_20260610_163847/data.h5,sim_data_20260610_163847,dist_pol_sig_9.5_rbm_1.0_x0_25.0_dpsi_30.0,pol,1.0,25.0,25.0,9.5,50.0,pol,1.0,30.0,0.0,1.0,1.0,1.0,0.0,0.0,1.0,,528158823,557.4426080889364,0.9999999999999718,0.0,0.9999999999999556,True
1197,outputs/differentiation_sweep/dist_pol_sig_13.0_rbm_0.3_x0_25.0_dpsi_30.0/sim_data_20260610_203903/data.h5,sim_data_20260610_203903,dist_pol_sig_13.0_rbm_0.3_x0_25.0_dpsi_30.0,pol,0.3,25.0,25.0,13.0,50.0,pol,1.0,30.0,0.0,1.0,1.0,1.0,0.0,0.0,1.0,,1649450856,284.7808286334198,3.3306690738754696e-14,0.0,-0.9999999999999334,False
1200,outputs/differentiation_sweep/dist_pol_sig_12.5_rbm_0.9_x0_25.0_dpsi_30.0/sim_data_20260610_202404/data.h5,sim_data_20260610_202404,dist_pol_sig_12.5_rbm_0.9_x0_25.0_dpsi_30.0,pol,0.9,25.0,25.0,12.5,50.0,pol,1.0,30.0,0.0,1.0,1.0,1.0,0.0,0.0,1.0,,1040013952,804.9480006209817,0.9999999999999735,0.0,0.9999999999999541,True
1217,outputs/differentiation_sweep/dist_pol_sig_14.5_rbm_0.8_x0_25.0_dpsi_30.0/sim_data_20260610_225359/data.h5,sim_data_20260610_225359,dist_pol_sig_14.5_rbm_0.8_x0_25.0_dpsi_30.0,pol,0.8,25.0,25.0,14.5,50.0,pol,1.0,30.0,0.0,1.0,1.0,1.0,0.0,0.0,1.0,,517224205,885.3596139859078,0.9999999999999738,0.0,0.9999999999999525,True
1220,outputs/differentiation_sweep/dist_pol_sig_9.5_rbm_0.1_x0_25.0_dpsi_30.0/sim_data_20260610_160817/data.h5,sim_data_20260610_160817,dist_pol_sig_9.5_rbm_0.1_x0_25.0_dpsi_30.0,pol,0.1,25.0,25.0,9.5,50.0,pol,1.0,30.0,0.0,1.0,1.0,1.0,0.0,0.0,1.0,,814208106,55.74426080889364,3.3306690738754696e-14,0.0,-0.9999999999999334,False
1228,outputs/differentiation_sweep/dist_pol_sig_2.0_rbm_0.3_x0_25.0_dpsi_30.0/sim_data_20260610_115304/data.h5,sim_data_20260610_115304,dist_pol_sig_2.0_rbm_0.3_x0_25.0_dpsi_30.0,pol,0.3,25.0,25.0,2.0,50.0,pol,1.0,30.0,0.0,1.0,1.0,1.0,0.0,0.0,1.0,,1108712064,7.5398223686155035,3.3306690738754696e-14,0.0,-0.9999999999999334,False
1235,outputs/differentiation_sweep/dist_pol_sig_7.0_rbm_0.2_x0_25.0_dpsi_30.0/sim_data_20260610_130721/data.h5,sim_data_20260610_130721,dist_pol_sig_7.0_rbm_0.2_x0_25.0_dpsi_30.0,pol,0.2,25.0,25.0,7.0,50.0,pol,1.0,30.0,0.0,1.0,1.0,1.0,0.0,0.0,1.0,,1056709463,61.53124727997369,3.3306690738754696e-14,0.0,-0.9999999999999334,False
1240,outputs/differentiation_sweep/dist_pol_sig_30.0_rbm_0.4_x0_25.0_dpsi_30.0/sim_data_20260612_134218/data.h5,sim_data_20260612_134218,dist_pol_sig_30.0_rbm_0.4_x0_25.0_dpsi_30.0,pol,0.4,25.0,25.0,30.0,50.0,pol,1.0,30.0,0.0,0.0,1.0,1.0,0.0,0.0,1.0,,1849462613,801.6919715022198,0.9999999999999538,0.0,0.9999999999999091,True
1244,outputs/differentiation_sweep/dist_pol_sig_8.5_rbm_0.9_x0_25.0_dpsi_30.0/sim_data_20260610_152314/data.h5,sim_data_20260610_152314,dist_pol_sig_8.5_rbm_0.9_x0_25.0_dpsi_30.0,pol,0.9,25.0,25.0,8.5,50.0,pol,1.0,30.0,0.0,1.0,1.0,1.0,0.0,0.0,1.0,,1014405207,405.8894539101563,3.3306690738754696e-14,0.0,-0.9999999999999334,False
1245,outputs/differentiation_sweep/dist_pol_sig_7.5_rbm_0.6_x0_25.0_dpsi_30.0/sim_data_20260610_135335/data.h5,sim_data_20260610_135335,dist_pol_sig_7.5_rbm_0.6_x0_25.0_dpsi_30.0,pol,0.6,25.0,25.0,7.5,50.0,pol,1.0,30.0,0.0,1.0,1.0,1.0,0.0,0.0,1.0,,1255678148,211.69210570423198,3.3306690738754696e-14,0.0,-0.9999999999999334,False
1258,outputs/differentiation_sweep/dist_pol_sig_8.5_rbm_0.5_x0_25.0_dpsi_30.0/sim_data_20260610_150804/data.h5,sim_data_20260610_150804,dist_pol_sig_8.5_rbm_0.5_x0_25.0_dpsi_30.0,pol,0.5,25.0,25.0,8.5,50.0,pol,1.0,30.0,0.0,1.0,1.0,1.0,0.0,0.0,1.0,,1289769022,225.49414106119795,3.3306690738754696e-14,0.0,-0.9999999999999334,False
1276,outputs/differentiation_sweep/dist_pol_sig_2.0_rbm_0.4_x0_25.0_dpsi_30.0/sim_data_20260610_120617/data.h5,sim_data_20260610_120617,dist_pol_sig_2.0_rbm_0.4_x0_25.0_dpsi_30.0,pol,0.4,25.0,25.0,2.0,50.0,pol,1.0,30.0,0.0,1.0,1.0,1.0,0.0,0.0,1.0,,918958983,10.05309649148734,3.3306690738754696e-14,0.0,-0.9999999999999334,False
1283,outputs/differentiation_sweep/dist_pol_sig_9.0_rbm_0.1_x0_25.0_dpsi_30.0/sim_data_20260610_153649/data.h5,sim_data_20260610_153649,dist_pol_sig_9.0_rbm_0.1_x0_25.0_dpsi_30.0,pol,0.1,25.0,25.0,9.0,50.0,pol,1.0,30.0,0.0,1.0,1.0,1.0,0.0,0.0,1.0,,1107429552,50.337003438193875,3.3306690738754696e-14,0.0,-0.9999999999999334,False
1306,outputs/differentiation_sweep/dist_pol_sig_14.5_rbm_0.3_x0_25.0_dpsi_30.0/sim_data_20260610_223812/data.h5,sim_data_20260610_223812,dist_pol_sig_14.5_rbm_0.3_x0_25.0_dpsi_30.0,pol,0.3,25.0,25.0,14.5,50.0,pol,1.0,30.0,0.0,1.0,1.0,1.0,0.0,0.0,1.0,,879140937,332.0098552447154,3.3306690738754696e-14,0.0,-0.9999999999999334,False
1325,outputs/differentiation_sweep/dist_pol_sig_9.5_rbm_0.6_x0_25.0_dpsi_30.0/sim_data_20260610_162354/data.h5,sim_data_20260610_162354,dist_pol_sig_9.5_rbm_0.6_x0_25.0_dpsi_30.0,pol,0.6,25.0,25.0,9.5,50.0,pol,1.0,30.0,0.0,1.0,1.0,1.0,0.0,0.0,1.0,,1039000399,334.4655648533618,3.3306690738754696e-14,0.0,-0.9999999999999334,False
1337,outputs/differentiation_sweep/dist_pol_sig_25.0_rbm_0.3_x0_25.0_dpsi_30.0/sim_data_20260612_125848/data.h5,sim_data_20260612_125848,dist_pol_sig_25.0_rbm_0.3_x0_25.0_dpsi_30.0,pol,0.3,25.0,25.0,25.0,50.0,pol,1.0,30.0,0.0,0.0,1.0,1.0,0.0,0.0,1.0,,965882046,549.0539875095194,5.4567461660326444e-14,0.0,-0.9999999999998909,False
1342,outputs/differentiation_sweep/dist_pol_sig_9.5_rbm_0.9_x0_25.0_dpsi_30.0/sim_data_20260610_163816/data.h5,sim_data_20260610_163816,dist_pol_sig_9.5_rbm_0.9_x0_25.0_dpsi_30.0,pol,0.9,25.0,25.0,9.5,50.0,pol,1.0,30.0,0.0,1.0,1.0,1.0,0.0,0.0,1.0,,2040058869,501.69834728004275,0.9999999999999716,0.0,0.9999999999999541,True
1345,outputs/differentiation_sweep/dist_pol_sig_2.0_rbm_0.5_x0_25.0_dpsi_30.0/sim_data_20260610_120651/data.h5,sim_data_20260610_120651,dist_pol_sig_2.0_rbm_0.5_x0_25.0_dpsi_30.0,pol,0.5,25.0,25.0,2.0,50.0,pol,1.0,30.0,0.0,1.0,1.0,1.0,0.0,0.0,1.0,,833715220,12.566370614359172,3.3306690738754696e-14,0.0,-0.9999999999999334,False
1346,outputs/differentiation_sweep/dist_pol_sig_15.0_rbm_0.2_x0_25.0_dpsi_30.0/sim_data_20260610_230859/data.h5,sim_data_20260610_230859,dist_pol_sig_15.0_rbm_0.2_x0_25.0_dpsi_30.0,pol,0.2,25.0,25.0,15.0,50.0,pol,1.0,30.0,0.0,1.0,1.0,1.0,0.0,0.0,1.0,,389475961,231.26107154801429,3.3306690738754696e-14,0.0,-0.9999999999999334,False
1348,outputs/differentiation_sweep/dist_pol_sig_15.0_rbm_0.2_x0_25.0_dpsi_30.0/sim_data_20260612_114623/data.h5,sim_data_20260612_114623,dist_pol_sig_15.0_rbm_0.2_x0_25.0_dpsi_30.0,pol,0.2,25.0,25.0,15.0,50.0,pol,1.0,30.0,0.0,0.0,1.0,1.0,0.0,0.0,1.0,,1449054842,231.26718989940858,5.4567461660326444e-14,0.0,-0.9999999999998909,False
1351,outputs/differentiation_sweep/dist_pol_sig_8.0_rbm_0.4_x0_25.0_dpsi_30.0/sim_data_20260610_142341/data.h5,sim_data_20260610_142341,dist_pol_sig_8.0_rbm_0.4_x0_25.0_dpsi_30.0,pol,0.4,25.0,25.0,8.0,50.0,pol,1.0,30.0,0.0,1.0,1.0,1.0,0.0,0.0,1.0,,1098133320,160.27608145793965,3.3306690738754696e-14,0.0,-0.9999999999999334,False
1354,outputs/differentiation_sweep/dist_pol_sig_14.0_rbm_0.5_x0_25.0_dpsi_30.0/sim_data_20260610_220804/data.h5,sim_data_20260610_220804,dist_pol_sig_14.0_rbm_0.5_x0_25.0_dpsi_30.0,pol,0.5,25.0,25.0,14.0,50.0,pol,1.0,30.0,0.0,1.0,1.0,1.0,0.0,0.0,1.0,,1171170963,527.7916942458442,0.9999999999999721,0.0,0.9999999999999467,True
1364,outputs/differentiation_sweep/dist_pol_sig_13.0_rbm_0.7_x0_25.0_dpsi_30.0/sim_data_20260610_205409/data.h5,sim_data_20260610_205409,dist_pol_sig_13.0_rbm_0.7_x0_25.0_dpsi_30.0,pol,0.7,25.0,25.0,13.0,50.0,pol,1.0,30.0,0.0,1.0,1.0,1.0,0.0,0.0,1.0,,582986320,664.4886001446462,0.9999999999999727,0.0,0.9999999999999507,True
1372,outputs/differentiation_sweep/dist_pol_sig_11.0_rbm_0.1_x0_25.0_dpsi_30.0/sim_data_20260610_180707/data.h5,sim_data_20260610_180707,dist_pol_sig_11.0_rbm_0.1_x0_25.0_dpsi_30.0,pol,0.1,25.0,25.0,11.0,50.0,pol,1.0,30.0,0.0,1.0,1.0,1.0,0.0,0.0,1.0,,1492462648,72.55970317016752,3.3306690738754696e-14,0.0,-0.9999999999999334,False
1391,outputs/differentiation_sweep/dist_pol_sig_11.0_rbm_1.0_x0_25.0_dpsi_30.0/sim_data_20260610_183802/data.h5,sim_data_20260610_183802,dist_pol_sig_11.0_rbm_1.0_x0_25.0_dpsi_30.0,pol,1.0,25.0,25.0,11.0,50.0,pol,1.0,30.0,0.0,1.0,1.0,1.0,0.0,0.0,1.0,,455144464,725.5970317016752,0.9999999999999732,0.0,0.9999999999999556,True
1395,outputs/differentiation_sweep/dist_pol_sig_1.5_rbm_0.1_x0_25.0_dpsi_30.0/sim_data_20260610_110809/data.h5,sim_data_20260610_110809,dist_pol_sig_1.5_rbm_0.1_x0_25.0_dpsi_30.0,pol,0.1,25.0,25.0,1.5,50.0,pol,1.0,30.0,0.0,1.0,1.0,1.0,0.0,0.0,1.0,,1319818684,1.4137166941154071,3.3306690738754696e-14,0.0,-0.9999999999999334,False
1398,outputs/differentiation_sweep/dist_pol_sig_11.0_rbm_0.4_x0_25.0_dpsi_30.0/sim_data_20260610_180902/data.h5,sim_data_20260610_180902,dist_pol_sig_11.0_rbm_0.4_x0_25.0_dpsi_30.0,pol,0.4,25.0,25.0,11.0,50.0,pol,1.0,30.0,0.0,1.0,1.0,1.0,0.0,0.0,1.0,,47190988,290.2388126806701,3.3306690738754696e-14,0.0,-0.9999999999999334,False
1400,outputs/differentiation_sweep/dist_pol_sig_15.0_rbm_0.1_x0_25.0_dpsi_30.0/sim_data_20260610_230814/data.h5,sim_data_20260610_230814,dist_pol_sig_15.0_rbm_0.1_x0_25.0_dpsi_30.0,pol,0.1,25.0,25.0,15.0,50.0,pol,1.0,30.0,0.0,1.0,1.0,1.0,0.0,0.0,1.0,,751905909,115.63053577400714,3.3306690738754696e-14,0.0,-0.9999999999999334,False
1402,outputs/differentiation_sweep/dist_pol_sig_15.0_rbm_0.1_x0_25.0_dpsi_30.0/sim_data_20260612_114623/data.h5,sim_data_20260612_114623,dist_pol_sig_15.0_rbm_0.1_x0_25.0_dpsi_30.0,pol,0.1,25.0,25.0,15.0,50.0,pol,1.0,30.0,0.0,0.0,1.0,1.0,0.0,0.0,1.0,,1731434287,115.63359494970429,5.4567461660326444e-14,0.0,-0.9999999999998909,False
1413,outputs/differentiation_sweep/dist_pol_sig_15.0_rbm_0.9_x0_25.0_dpsi_30.0/sim_data_20260610_233823/data.h5,sim_data_20260610_233823,dist_pol_sig_15.0_rbm_0.9_x0_25.0_dpsi_30.0,pol,0.9,25.0,25.0,15.0,50.0,pol,1.0,30.0,0.0,1.0,1.0,1.0,0.0,0.0,1.0,,24908419,1040.6748219660644,0.9999999999999746,0.0,0.9999999999999541,True
1414,outputs/differentiation_sweep/dist_pol_sig_15.0_rbm_0.9_x0_25.0_dpsi_30.0/sim_data_20260612_121513/data.h5,sim_data_20260612_121513,dist_pol_sig_15.0_rbm_0.9_x0_25.0_dpsi_30.0,pol,0.9,25.0,25.0,15.0,50.0,pol,1.0,30.0,0.0,0.0,1.0,1.0,0.0,0.0,1.0,,1872224581,1040.7023545473387,0.9999999999999579,0.0,0.9999999999999248,True
1416,outputs/differentiation_sweep/dist_pol_sig_12.5_rbm_0.4_x0_25.0_dpsi_30.0/sim_data_20260610_200821/data.h5,sim_data_20260610_200821,dist_pol_sig_12.5_rbm_0.4_x0_25.0_dpsi_30.0,pol,0.4,25.0,25.0,12.5,50.0,pol,1.0,30.0,0.0,1.0,1.0,1.0,0.0,0.0,1.0,,72117520,357.75466694265856,3.3306690738754696e-14,0.0,-0.9999999999999334,False
1420,outputs/differentiation_sweep/dist_pol_sig_14.0_rbm_0.8_x0_25.0_dpsi_30.0/sim_data_20260610_221015/data.h5,sim_data_20260610_221015,dist_pol_sig_14.0_rbm_0.8_x0_25.0_dpsi_30.0,pol,0.8,25.0,25.0,14.0,50.0,pol,1.0,30.0,0.0,1.0,1.0,1.0,0.0,0.0,1.0,,1328733476,844.4667107933506,0.9999999999999738,0.0,0.9999999999999525,True
1426,outputs/differentiation_sweep/dist_pol_sig_13.5_rbm_0.2_x0_25.0_dpsi_30.0/sim_data_20260610_211002/data.h5,sim_data_20260610_211002,dist_pol_sig_13.5_rbm_0.2_x0_25.0_dpsi_30.0,pol,0.2,25.0,25.0,13.5,50.0,pol,1.0,30.0,0.0,1.0,1.0,1.0,0.0,0.0,1.0,,990930177,200.61212214814594,3.3306690738754696e-14,0.0,-0.9999999999999334,False
1430,outputs/differentiation_sweep/dist_pol_sig_8.0_rbm_0.2_x0_25.0_dpsi_30.0/sim_data_20260610_142229/data.h5,sim_data_20260610_142229,dist_pol_sig_8.0_rbm_0.2_x0_25.0_dpsi_30.0,pol,0.2,25.0,25.0,8.0,50.0,pol,1.0,30.0,0.0,1.0,1.0,1.0,0.0,0.0,1.0,,1681342981,80.13804072896983,3.3306690738754696e-14,0.0,-0.9999999999999334,False
1431,outputs/differentiation_sweep/dist_pol_sig_12.0_rbm_0.8_x0_25.0_dpsi_30.0/sim_data_20260610_193932/data.h5,sim_data_20260610_193932,dist_pol_sig_12.0_rbm_0.8_x0_25.0_dpsi_30.0,pol,0.8,25.0,25.0,12.0,50.0,pol,1.0,30.0,0.0,1.0,1.0,1.0,0.0,0.0,1.0,,1662059632,670.9048512015909,0.9999999999999727,0.0,0.9999999999999525,True
1444,outputs/differentiation_sweep/dist_pol_sig_2.0_rbm_0.2_x0_25.0_dpsi_30.0/sim_data_20260610_115232/data.h5,sim_data_20260610_115232,dist_pol_sig_2.0_rbm_0.2_x0_25.0_dpsi_30.0,pol,0.2,25.0,25.0,2.0,50.0,pol,1.0,30.0,0.0,1.0,1.0,1.0,0.0,0.0,1.0,,1388043860,5.02654824574367,3.3306690738754696e-14,0.0,-0.9999999999999334,False
1449,outputs/differentiation_sweep/dist_pol_sig_12.5_rbm_0.8_x0_25.0_dpsi_30.0/sim_data_20260610_202331/data.h5,sim_data_20260610_202331,dist_pol_sig_12.5_rbm_0.8_x0_25.0_dpsi_30.0,pol,0.8,25.0,25.0,12.5,50.0,pol,1.0,30.0,0.0,1.0,1.0,1.0,0.0,0.0,1.0,,1427778419,715.5093338853171,0.9999999999999731,0.0,0.9999999999999525,True
1450,outputs/differentiation_sweep/dist_pol_sig_10.5_rbm_0.8_x0_25.0_dpsi_30.0/sim_data_20260610_175300/data.h5,sim_data_20260610_175300,dist_pol_sig_10.5_rbm_0.8_x0_25.0_dpsi_30.0,pol,0.8,25.0,25.0,10.5,50.0,pol,1.0,30.0,0.0,1.0,1.0,1.0,0.0,0.0,1.0,,35355923,535.1802277254126,0.9999999999999716,0.0,0.9999999999999525,True
1474,outputs/differentiation_sweep/dist_pol_sig_1.0_rbm_0.2_x0_25.0_dpsi_30.0/sim_data_20260610_103710/data.h5,sim_data_20260610_103710,dist_pol_sig_1.0_rbm_0.2_x0_25.0_dpsi_30.0,pol,0.2,25.0,25.0,1.0,50.0,pol,1.0,30.0,0.0,1.0,1.0,1.0,0.0,0.0,1.0,,794580449,1.2566370614359172,3.3306690738754696e-14,0.0,-0.9999999999999334,False
1489,outputs/differentiation_sweep/dist_pol_sig_11.5_rbm_0.8_x0_25.0_dpsi_30.0/sim_data_20260610_190811/data.h5,sim_data_20260610_190811,dist_pol_sig_11.5_rbm_0.8_x0_25.0_dpsi_30.0,pol,0.8,25.0,25.0,11.5,50.0,pol,1.0,30.0,0.0,1.0,1.0,1.0,0.0,0.0,1.0,,521381524,625.8123494333549,0.9999999999999727,0.0,0.9999999999999525,True
1511,outputs/differentiation_sweep/dist_pol_sig_30.0_rbm_0.9_x0_25.0_dpsi_30.0/sim_data_20260612_135658/data.h5,sim_data_20260612_135658,dist_pol_sig_30.0_rbm_0.9_x0_25.0_dpsi_30.0,pol,0.9,25.0,25.0,30.0,50.0,pol,1.0,30.0,0.0,0.0,1.0,1.0,0.0,0.0,1.0,,978424837,1803.8069358799944,0.999999999999962,0.0,0.9999999999999248,True
1528,outputs/differentiation_sweep/dist_pol_sig_10.0_rbm_0.7_x0_25.0_dpsi_30.0/sim_data_20260610_170818/data.h5,sim_data_20260610_170818,dist_pol_sig_10.0_rbm_0.7_x0_25.0_dpsi_30.0,pol,0.7,25.0,25.0,10.0,50.0,pol,1.0,30.0,0.0,1.0,1.0,1.0,0.0,0.0,1.0,,1614272790,428.95033649507536,3.3306690738754696e-14,0.0,-0.9999999999999334,False
1531,outputs/differentiation_sweep/dist_pol_sig_8.5_rbm_0.7_x0_25.0_dpsi_30.0/sim_data_20260610_152151/data.h5,sim_data_20260610_152151,dist_pol_sig_8.5_rbm_0.7_x0_25.0_dpsi_30.0,pol,0.7,25.0,25.0,8.5,50.0,pol,1.0,30.0,0.0,1.0,1.0,1.0,0.0,0.0,1.0,,1616001854,315.69179748567706,3.3306690738754696e-14,0.0,-0.9999999999999334,False
1558,outputs/differentiation_sweep/dist_pol_sig_15.0_rbm_0.3_x0_25.0_dpsi_30.0/sim_data_20260610_230937/data.h5,sim_data_20260610_230937,dist_pol_sig_15.0_rbm_0.3_x0_25.0_dpsi_30.0,pol,0.3,25.0,25.0,15.0,50.0,pol,1.0,30.0,0.0,1.0,1.0,1.0,0.0,0.0,1.0,,388558220,346.8916073220214,3.3306690738754696e-14,0.0,-0.9999999999999334,False
1559,outputs/differentiation_sweep/dist_pol_sig_15.0_rbm_0.3_x0_25.0_dpsi_30.0/sim_data_20260612_114623/data.h5,sim_data_20260612_114623,dist_pol_sig_15.0_rbm_0.3_x0_25.0_dpsi_30.0,pol,0.3,25.0,25.0,15.0,50.0,pol,1.0,30.0,0.0,0.0,1.0,1.0,0.0,0.0,1.0,,345036298,346.90078484911294,5.4567461660326444e-14,0.0,-0.9999999999998909,False
1561,outputs/differentiation_sweep/dist_pol_sig_14.0_rbm_0.3_x0_25.0_dpsi_30.0/sim_data_20260610_215420/data.h5,sim_data_20260610_215420,dist_pol_sig_14.0_rbm_0.3_x0_25.0_dpsi_30.0,pol,0.3,25.0,25.0,14.0,50.0,pol,1.0,30.0,0.0,1.0,1.0,1.0,0.0,0.0,1.0,,839360311,316.67501654750646,3.3306690738754696e-14,0.0,-0.9999999999999334,False
1581,outputs/differentiation_sweep/dist_pol_sig_14.5_rbm_0.7_x0_25.0_dpsi_30.0/sim_data_20260610_225314/data.h5,sim_data_20260610_225314,dist_pol_sig_14.5_rbm_0.7_x0_25.0_dpsi_30.0,pol,0.7,25.0,25.0,14.5,50.0,pol,1.0,30.0,0.0,1.0,1.0,1.0,0.0,0.0,1.0,,766136082,774.6896622376693,0.9999999999999735,0.0,0.9999999999999507,True
1591,outputs/differentiation_sweep/dist_pol_sig_12.5_rbm_0.1_x0_25.0_dpsi_30.0/sim_data_20260610_195355/data.h5,sim_data_20260610_195355,dist_pol_sig_12.5_rbm_0.1_x0_25.0_dpsi_30.0,pol,0.1,25.0,25.0,12.5,50.0,pol,1.0,30.0,0.0,1.0,1.0,1.0,0.0,0.0,1.0,,678080890,89.43866673566464,3.3306690738754696e-14,0.0,-0.9999999999999334,False
1600,outputs/differentiation_sweep/dist_pol_sig_1.5_rbm_0.9_x0_25.0_dpsi_30.0/sim_data_20260610_113804/data.h5,sim_data_20260610_113804,dist_pol_sig_1.5_rbm_0.9_x0_25.0_dpsi_30.0,pol,0.9,25.0,25.0,1.5,50.0,pol,1.0,30.0,0.0,1.0,1.0,1.0,0.0,0.0,1.0,,210512831,12.723450247038663,3.3306690738754696e-14,0.0,-0.9999999999999334,False
1605,outputs/differentiation_sweep/dist_pol_sig_11.0_rbm_0.2_x0_25.0_dpsi_30.0/sim_data_20260610_180758/data.h5,sim_data_20260610_180758,dist_pol_sig_11.0_rbm_0.2_x0_25.0_dpsi_30.0,pol,0.2,25.0,25.0,11.0,50.0,pol,1.0,30.0,0.0,1.0,1.0,1.0,0.0,0.0,1.0,,1479012639,145.11940634033505,3.3306690738754696e-14,0.0,-0.9999999999999334,False
1608,outputs/differentiation_sweep/dist_pol_sig_1.0_rbm_1.0_x0_25.0_dpsi_30.0/sim_data_20260610_110734/data.h5,sim_data_20260610_110734,dist_pol_sig_1.0_rbm_1.0_x0_25.0_dpsi_30.0,pol,1.0,25.0,25.0,1.0,50.0,pol,1.0,30.0,0.0,1.0,1.0,1.0,0.0,0.0,1.0,,334589801,6.283185307179586,3.3306690738754696e-14,0.0,-0.9999999999999334,False
1610,outputs/differentiation_sweep/dist_pol_sig_14.5_rbm_1.0_x0_25.0_dpsi_30.0/sim_data_20260610_225530/data.h5,sim_data_20260610_225530,dist_pol_sig_14.5_rbm_1.0_x0_25.0_dpsi_30.0,pol,1.0,25.0,25.0,14.5,50.0,pol,1.0,30.0,0.0,1.0,1.0,1.0,0.0,0.0,1.0,,59404448,1106.6995174823846,0.9999999999999746,0.0,0.9999999999999556,True
1613,outputs/differentiation_sweep/dist_pol_sig_14.0_rbm_0.6_x0_25.0_dpsi_30.0/sim_data_20260610_220844/data.h5,sim_data_20260610_220844,dist_pol_sig_14.0_rbm_0.6_x0_25.0_dpsi_30.0,pol,0.6,25.0,25.0,14.0,50.0,pol,1.0,30.0,0.0,1.0,1.0,1.0,0.0,0.0,1.0,,485201787,633.3500330950129,0.9999999999999724,0.0,0.9999999999999488,True
1618,outputs/differentiation_sweep/dist_pol_sig_10.5_rbm_1.0_x0_25.0_dpsi_30.0/sim_data_20260610_175404/data.h5,sim_data_20260610_175404,dist_pol_sig_10.5_rbm_1.0_x0_25.0_dpsi_30.0,pol,1.0,25.0,25.0,10.5,50.0,pol,1.0,30.0,0.0,1.0,1.0,1.0,0.0,0.0,1.0,,1612231452,668.9752846567658,0.9999999999999726,0.0,0.9999999999999556,True
1623,outputs/differentiation_sweep/dist_pol_sig_11.0_rbm_0.7_x0_25.0_dpsi_30.0/sim_data_20260610_182335/data.h5,sim_data_20260610_182335,dist_pol_sig_11.0_rbm_0.7_x0_25.0_dpsi_30.0,pol,0.7,25.0,25.0,11.0,50.0,pol,1.0,30.0,0.0,1.0,1.0,1.0,0.0,0.0,1.0,,1339706430,507.9179221911726,0.9999999999999716,0.0,0.9999999999999507,True
1626,outputs/differentiation_sweep/dist_pol_sig_10.0_rbm_0.8_x0_25.0_dpsi_30.0/sim_data_20260610_170856/data.h5,sim_data_20260610_170856,dist_pol_sig_10.0_rbm_0.8_x0_25.0_dpsi_30.0,pol,0.8,25.0,25.0,10.0,50.0,pol,1.0,30.0,0.0,1.0,1.0,1.0,0.0,0.0,1.0,,184761005,490.22895599437186,0.9999999999999716,0.0,0.9999999999999525,True
1630,outputs/differentiation_sweep/dist_pol_sig_12.5_rbm_0.2_x0_25.0_dpsi_30.0/sim_data_20260610_195439/data.h5,sim_data_20260610_195439,dist_pol_sig_12.5_rbm_0.2_x0_25.0_dpsi_30.0,pol,0.2,25.0,25.0,12.5,50.0,pol,1.0,30.0,0.0,1.0,1.0,1.0,0.0,0.0,1.0,,666571339,178.87733347132928,3.3306690738754696e-14,0.0,-0.9999999999999334,False
1658,outputs/differentiation_sweep/dist_pol_sig_6.5_rbm_0.8_x0_25.0_dpsi_30.0/sim_data_20260610_125214/data.h5,sim_data_20260610_125214,dist_pol_sig_6.5_rbm_0.8_x0_25.0_dpsi_30.0,pol,0.8,25.0,25.0,6.5,50.0,pol,1.0,30.0,0.0,1.0,1.0,1.0,0.0,0.0,1.0,,214595441,212.3203092407266,3.3306690738754696e-14,0.0,-0.9999999999999334,False
1668,outputs/differentiation_sweep/dist_pol_sig_1.5_rbm_0.3_x0_25.0_dpsi_30.0/sim_data_20260610_112201/data.h5,sim_data_20260610_112201,dist_pol_sig_1.5_rbm_0.3_x0_25.0_dpsi_30.0,pol,0.3,25.0,25.0,1.5,50.0,pol,1.0,30.0,0.0,1.0,1.0,1.0,0.0,0.0,1.0,,229900876,4.241150082346221,3.3306690738754696e-14,0.0,-0.9999999999999334,False
1696,outputs/differentiation_sweep/dist_pol_sig_15.0_rbm_0.7_x0_25.0_dpsi_30.0/sim_data_20260610_232440/data.h5,sim_data_20260610_232440,dist_pol_sig_15.0_rbm_0.7_x0_25.0_dpsi_30.0,pol,0.7,25.0,25.0,15.0,50.0,pol,1.0,30.0,0.0,1.0,1.0,1.0,0.0,0.0,1.0,,1891724108,809.4137504180499,0.9999999999999735,0.0,0.9999999999999507,True
1697,outputs/differentiation_sweep/dist_pol_sig_15.0_rbm_0.7_x0_25.0_dpsi_30.0/sim_data_20260612_120057/data.h5,sim_data_20260612_120057,dist_pol_sig_15.0_rbm_0.7_x0_25.0_dpsi_30.0,pol,0.7,25.0,25.0,15.0,50.0,pol,1.0,30.0,0.0,0.0,1.0,1.0,0.0,0.0,1.0,,1257002769,809.43516464793,0.9999999999999565,0.0,0.9999999999999192,True
1704,outputs/differentiation_sweep/dist_pol_sig_10.5_rbm_0.6_x0_25.0_dpsi_30.0/sim_data_20260610_173902/data.h5,sim_data_20260610_173902,dist_pol_sig_10.5_rbm_0.6_x0_25.0_dpsi_30.0,pol,0.6,25.0,25.0,10.5,50.0,pol,1.0,30.0,0.0,1.0,1.0,1.0,0.0,0.0,1.0,,1732315587,401.3851707940594,3.3306690738754696e-14,0.0,-0.9999999999999334,False
1720,outputs/differentiation_sweep/dist_pol_sig_11.0_rbm_0.8_x0_25.0_dpsi_30.0/sim_data_20260610_182413/data.h5,sim_data_20260610_182413,dist_pol_sig_11.0_rbm_0.8_x0_25.0_dpsi_30.0,pol,0.8,25.0,25.0,11.0,50.0,pol,1.0,30.0,0.0,1.0,1.0,1.0,0.0,0.0,1.0,,1890458304,580.4776253613402,0.9999999999999721,0.0,0.9999999999999525,True
1725,outputs/differentiation_sweep/dist_pol_sig_1.0_rbm_0.3_x0_25.0_dpsi_30.0/sim_data_20260610_103811/data.h5,sim_data_20260610_103811,dist_pol_sig_1.0_rbm_0.3_x0_25.0_dpsi_30.0,pol,0.3,25.0,25.0,1.0,50.0,pol,1.0,30.0,0.0,1.0,1.0,1.0,0.0,0.0,1.0,,1318308569,1.8849555921538759,3.3306690738754696e-14,0.0,-0.9999999999999334,False
1737,outputs/differentiation_sweep/dist_pol_sig_8.5_rbm_0.3_x0_25.0_dpsi_30.0/sim_data_20260610_150645/data.h5,sim_data_20260610_150645,dist_pol_sig_8.5_rbm_0.3_x0_25.0_dpsi_30.0,pol,0.3,25.0,25.0,8.5,50.0,pol,1.0,30.0,0.0,1.0,1.0,1.0,0.0,0.0,1.0,,1654967228,135.29648463671876,3.3306690738754696e-14,0.0,-0.9999999999999334,False
1738,outputs/differentiation_sweep/dist_pol_sig_30.0_rbm_0.6_x0_25.0_dpsi_30.0/sim_data_20260612_134234/data.h5,sim_data_20260612_134234,dist_pol_sig_30.0_rbm_0.6_x0_25.0_dpsi_30.0,pol,0.6,25.0,25.0,30.0,50.0,pol,1.0,30.0,0.0,0.0,1.0,1.0,0.0,0.0,1.0,,1259280193,1202.5379572533298,0.9999999999999573,0.0,0.9999999999999161,True
1747,outputs/differentiation_sweep/dist_pol_sig_8.0_rbm_0.5_x0_25.0_dpsi_30.0/sim_data_20260610_143640/data.h5,sim_data_20260610_143640,dist_pol_sig_8.0_rbm_0.5_x0_25.0_dpsi_30.0,pol,0.5,25.0,25.0,8.0,50.0,pol,1.0,30.0,0.0,1.0,1.0,1.0,0.0,0.0,1.0,,927232354,200.34510182242454,3.3306690738754696e-14,0.0,-0.9999999999999334,False
1750,outputs/differentiation_sweep/dist_pol_sig_0.5_rbm_0.7_x0_25.0_dpsi_30.0/sim_data_20260610_102244/data.h5,sim_data_20260610_102244,dist_pol_sig_0.5_rbm_0.7_x0_25.0_dpsi_30.0,pol,0.7,25.0,25.0,0.5,50.0,pol,1.0,30.0,0.0,1.0,1.0,1.0,0.0,0.0,1.0,,1585225528,1.099557440522959,3.3306690738754696e-14,0.0,-0.9999999999999334,False
1763,outputs/differentiation_sweep/dist_pol_sig_0.5_rbm_0.1_x0_25.0_dpsi_30.0/sim_data_20260609_113852/data.h5,sim_data_20260609_113852,dist_pol_sig_0.5_rbm_0.1_x0_25.0_dpsi_30.0,pol,0.1,25.0,25.0,0.5,50.0,pol,1.0,30.0,0.0,1.0,1.0,1.0,0.0,0.0,1.0,,1709962377,0.15707963267948966,1.3322676295501878e-13,0.0,-0.9999999999997335,False
1776,outputs/differentiation_sweep/dist_pol_sig_2.0_rbm_0.6_x0_25.0_dpsi_30.0/sim_data_20260610_120731/data.h5,sim_data_20260610_120731,dist_pol_sig_2.0_rbm_0.6_x0_25.0_dpsi_30.0,pol,0.6,25.0,25.0,2.0,50.0,pol,1.0,30.0,0.0,1.0,1.0,1.0,0.0,0.0,1.0,,1906129345,15.079644737231007,3.3306690738754696e-14,0.0,-0.9999999999999334,False
1803,outputs/differentiation_sweep/dist_pol_sig_1.5_rbm_0.6_x0_25.0_dpsi_30.0/sim_data_20260610_113621/data.h5,sim_data_20260610_113621,dist_pol_sig_1.5_rbm_0.6_x0_25.0_dpsi_30.0,pol,0.6,25.0,25.0,1.5,50.0,pol,1.0,30.0,0.0,1.0,1.0,1.0,0.0,0.0,1.0,,446988612,8.482300164692441,3.3306690738754696e-14,0.0,-0.9999999999999334,False
1804,outputs/differentiation_sweep/dist_pol_sig_14.5_rbm_0.1_x0_25.0_dpsi_30.0/sim_data_20260610_222424/data.h5,sim_data_20260610_222424,dist_pol_sig_14.5_rbm_0.1_x0_25.0_dpsi_30.0,pol,0.1,25.0,25.0,14.5,50.0,pol,1.0,30.0,0.0,1.0,1.0,1.0,0.0,0.0,1.0,,622789083,110.66995174823847,3.3306690738754696e-14,0.0,-0.9999999999999334,False
1837,outputs/differentiation_sweep/dist_pol_sig_12.5_rbm_1.0_x0_25.0_dpsi_30.0/sim_data_20260610_202445/data.h5,sim_data_20260610_202445,dist_pol_sig_12.5_rbm_1.0_x0_25.0_dpsi_30.0,pol,1.0,25.0,25.0,12.5,50.0,pol,1.0,30.0,0.0,1.0,1.0,1.0,0.0,0.0,1.0,,295774983,894.3866673566463,0.9999999999999738,0.0,0.9999999999999556,True
1841,outputs/differentiation_sweep/dist_pol_sig_14.0_rbm_0.1_x0_25.0_dpsi_30.0/sim_data_20260610_215309/data.h5,sim_data_20260610_215309,dist_pol_sig_14.0_rbm_0.1_x0_25.0_dpsi_30.0,pol,0.1,25.0,25.0,14.0,50.0,pol,1.0,30.0,0.0,1.0,1.0,1.0,0.0,0.0,1.0,,1416198187,105.55833884916882,3.3306690738754696e-14,0.0,-0.9999999999999334,False
1852,outputs/differentiation_sweep/dist_pol_sig_20.0_rbm_0.9_x0_25.0_dpsi_30.0/sim_data_20260612_124424/data.h5,sim_data_20260612_124424,dist_pol_sig_20.0_rbm_0.9_x0_25.0_dpsi_30.0,pol,0.9,25.0,25.0,20.0,50.0,pol,1.0,30.0,0.0,0.0,1.0,1.0,0.0,0.0,1.0,,550835968,1406.988549561702,0.99999999999996,0.0,0.9999999999999248,True
1857,outputs/differentiation_sweep/dist_pol_sig_7.0_rbm_1.0_x0_25.0_dpsi_30.0/sim_data_20260610_133725/data.h5,sim_data_20260610_133725,dist_pol_sig_7.0_rbm_1.0_x0_25.0_dpsi_30.0,pol,1.0,25.0,25.0,7.0,50.0,pol,1.0,30.0,0.0,1.0,1.0,1.0,0.0,0.0,1.0,,739611917,307.6562363998685,3.3306690738754696e-14,0.0,-0.9999999999999334,False
1881,outputs/differentiation_sweep/dist_pol_sig_25.0_rbm_0.9_x0_25.0_dpsi_30.0/sim_data_20260612_132740/data.h5,sim_data_20260612_132740,dist_pol_sig_25.0_rbm_0.9_x0_25.0_dpsi_30.0,pol,0.9,25.0,25.0,25.0,50.0,pol,1.0,30.0,0.0,0.0,1.0,1.0,0.0,0.0,1.0,,561288219,1647.1619625285584,0.9999999999999616,0.0,0.9999999999999248,True
1886,outputs/differentiation_sweep/dist_pol_sig_8.0_rbm_1.0_x0_25.0_dpsi_30.0/sim_data_20260610_145233/data.h5,sim_data_20260610_145233,dist_pol_sig_8.0_rbm_1.0_x0_25.0_dpsi_30.0,pol,1.0,25.0,25.0,8.0,50.0,pol,1.0,30.0,0.0,1.0,1.0,1.0,0.0,0.0,1.0,,1830958384,400.6902036448491,3.3306690738754696e-14,0.0,-0.9999999999999334,False
1887,outputs/differentiation_sweep/dist_pol_sig_13.5_rbm_0.3_x0_25.0_dpsi_30.0/sim_data_20260610_212305/data.h5,sim_data_20260610_212305,dist_pol_sig_13.5_rbm_0.3_x0_25.0_dpsi_30.0,pol,0.3,25.0,25.0,13.5,50.0,pol,1.0,30.0,0.0,1.0,1.0,1.0,0.0,0.0,1.0,,1472911130,300.9181832222189,3.3306690738754696e-14,0.0,-0.9999999999999334,False
1900,outputs/differentiation_sweep/dist_pol_sig_13.5_rbm_0.1_x0_25.0_dpsi_30.0/sim_data_20260610_210909/data.h5,sim_data_20260610_210909,dist_pol_sig_13.5_rbm_0.1_x0_25.0_dpsi_30.0,pol,0.1,25.0,25.0,13.5,50.0,pol,1.0,30.0,0.0,1.0,1.0,1.0,0.0,0.0,1.0,,670955772,100.30606107407297,3.3306690738754696e-14,0.0,-0.9999999999999334,False
1902,outputs/differentiation_sweep/dist_pol_sig_0.5_rbm_0.8_x0_25.0_dpsi_30.0/sim_data_20260610_102244/data.h5,sim_data_20260610_102244,dist_pol_sig_0.5_rbm_0.8_x0_25.0_dpsi_30.0,pol,0.8,25.0,25.0,0.5,50.0,pol,1.0,30.0,0.0,1.0,1.0,1.0,0.0,0.0,1.0,,1690370337,1.2566370748833815,3.3306690738754696e-14,0.0,-0.9999999999999334,False
1909,outputs/differentiation_sweep/dist_pol_sig_12.0_rbm_0.3_x0_25.0_dpsi_30.0/sim_data_20260610_192350/data.h5,sim_data_20260610_192350,dist_pol_sig_12.0_rbm_0.3_x0_25.0_dpsi_30.0,pol,0.3,25.0,25.0,12.0,50.0,pol,1.0,30.0,0.0,1.0,1.0,1.0,0.0,0.0,1.0,,329636490,251.58931920059658,3.3306690738754696e-14,0.0,-0.9999999999999334,False
1911,outputs/differentiation_sweep/dist_pol_sig_14.0_rbm_0.7_x0_25.0_dpsi_30.0/sim_data_20260610_220920/data.h5,sim_data_20260610_220920,dist_pol_sig_14.0_rbm_0.7_x0_25.0_dpsi_30.0,pol,0.7,25.0,25.0,14.0,50.0,pol,1.0,30.0,0.0,1.0,1.0,1.0,0.0,0.0,1.0,,1576496190,738.9083719441817,0.9999999999999732,0.0,0.9999999999999507,True
1931,outputs/differentiation_sweep/dist_pol_sig_12.5_rbm_0.6_x0_25.0_dpsi_30.0/sim_data_20260610_200940/data.h5,sim_data_20260610_200940,dist_pol_sig_12.5_rbm_0.6_x0_25.0_dpsi_30.0,pol,0.6,25.0,25.0,12.5,50.0,pol,1.0,30.0,0.0,1.0,1.0,1.0,0.0,0.0,1.0,,1647370751,536.6320004139877,0.999999999999972,0.0,0.9999999999999488,True
1932,outputs/differentiation_sweep/dist_pol_sig_9.5_rbm_0.5_x0_25.0_dpsi_30.0/sim_data_20260610_162318/data.h5,sim_data_20260610_162318,dist_pol_sig_9.5_rbm_0.5_x0_25.0_dpsi_30.0,pol,0.5,25.0,25.0,9.5,50.0,pol,1.0,30.0,0.0,1.0,1.0,1.0,0.0,0.0,1.0,,1753293078,278.7213040444682,3.3306690738754696e-14,0.0,-0.9999999999999334,False
1937,outputs/differentiation_sweep/dist_pol_sig_2.5_rbm_0.5_x0_25.0_dpsi_30.0/sim_data_20260610_123841/data.h5,sim_data_20260610_123841,dist_pol_sig_2.5_rbm_0.5_x0_25.0_dpsi_30.0,pol,0.5,25.0,25.0,2.5,50.0,pol,1.0,30.0,0.0,1.0,1.0,1.0,0.0,0.0,1.0,,618357391,19.634954084936208,3.3306690738754696e-14,0.0,-0.9999999999999334,False
1944,outputs/differentiation_sweep/dist_pol_sig_20.0_rbm_0.2_x0_25.0_dpsi_30.0/sim_data_20260612_121528/data.h5,sim_data_20260612_121528,dist_pol_sig_20.0_rbm_0.2_x0_25.0_dpsi_30.0,pol,0.2,25.0,25.0,20.0,50.0,pol,1.0,30.0,0.0,0.0,1.0,1.0,0.0,0.0,1.0,,1612037393,312.66412212482277,5.4567461660326444e-14,0.0,-0.9999999999998909,False
1973,outputs/differentiation_sweep/dist_pol_sig_6.5_rbm_0.7_x0_25.0_dpsi_30.0/sim_data_20260610_125155/data.h5,sim_data_20260610_125155,dist_pol_sig_6.5_rbm_0.7_x0_25.0_dpsi_30.0,pol,0.7,25.0,25.0,6.5,50.0,pol,1.0,30.0,0.0,1.0,1.0,1.0,0.0,0.0,1.0,,1429020784,185.78027058563578,3.3306690738754696e-14,0.0,-0.9999999999999334,False
1974,outputs/differentiation_sweep/dist_pol_sig_13.0_rbm_0.8_x0_25.0_dpsi_30.0/sim_data_20260610_205456/data.h5,sim_data_20260610_205456,dist_pol_sig_13.0_rbm_0.8_x0_25.0_dpsi_30.0,pol,0.8,25.0,25.0,13.0,50.0,pol,1.0,30.0,0.0,1.0,1.0,1.0,0.0,0.0,1.0,,1975956301,759.4155430224528,0.9999999999999735,0.0,0.9999999999999525,True
1985,outputs/differentiation_sweep/dist_pol_sig_13.0_rbm_0.2_x0_25.0_dpsi_30.0/sim_data_20260610_203831/data.h5,sim_data_20260610_203831,dist_pol_sig_13.0_rbm_0.2_x0_25.0_dpsi_30.0,pol,0.2,25.0,25.0,13.0,50.0,pol,1.0,30.0,0.0,1.0,1.0,1.0,0.0,0.0,1.0,,507078582,189.8538857556132,3.3306690738754696e-14,0.0,-0.9999999999999334,False
1987,outputs/differentiation_sweep/dist_pol_sig_13.5_rbm_0.7_x0_25.0_dpsi_30.0/sim_data_20260610_213804/data.h5,sim_data_20260610_213804,dist_pol_sig_13.5_rbm_0.7_x0_25.0_dpsi_30.0,pol,0.7,25.0,25.0,13.5,50.0,pol,1.0,30.0,0.0,1.0,1.0,1.0,0.0,0.0,1.0,,116634845,702.1424275185107,0.9999999999999731,0.0,0.9999999999999507,True
1996,outputs/differentiation_sweep/dist_pol_sig_15.0_rbm_1.0_x0_25.0_dpsi_30.0/sim_data_20260612_121525/data.h5,sim_data_20260612_121525,dist_pol_sig_15.0_rbm_1.0_x0_25.0_dpsi_30.0,pol,1.0,25.0,25.0,15.0,50.0,pol,1.0,30.0,0.0,0.0,1.0,1.0,0.0,0.0,1.0,,1406932185,1156.335949497043,0.9999999999999585,0.0,0.9999999999999273,True
1997,outputs/differentiation_sweep/dist_pol_sig_15.0_rbm_1.0_x0_25.0_dpsi_30.0/sim_data_20260610_233906/data.h5,sim_data_20260610_233906,dist_pol_sig_15.0_rbm_1.0_x0_25.0_dpsi_30.0,pol,1.0,25.0,25.0,15.0,50.0,pol,1.0,30.0,0.0,1.0,1.0,1.0,0.0,0.0,1.0,,237808523,1156.3053577400713,0.9999999999999747,0.0,0.9999999999999556,True
2009,outputs/differentiation_sweep/dist_pol_sig_7.0_rbm_0.1_x0_25.0_dpsi_30.0/sim_data_20260610_130640/data.h5,sim_data_20260610_130640,dist_pol_sig_7.0_rbm_0.1_x0_25.0_dpsi_30.0,pol,0.1,25.0,25.0,7.0,50.0,pol,1.0,30.0,0.0,1.0,1.0,1.0,0.0,0.0,1.0,,665585626,30.765623639986845,3.3306690738754696e-14,0.0,-0.9999999999999334,False
2010,outputs/differentiation_sweep/dist_pol_sig_10.0_rbm_0.6_x0_25.0_dpsi_30.0/sim_data_20260610_170740/data.h5,sim_data_20260610_170740,dist_pol_sig_10.0_rbm_0.6_x0_25.0_dpsi_30.0,pol,0.6,25.0,25.0,10.0,50.0,pol,1.0,30.0,0.0,1.0,1.0,1.0,0.0,0.0,1.0,,2106585579,367.67171699577887,3.3306690738754696e-14,0.0,-0.9999999999999334,False
2012,outputs/differentiation_sweep/dist_pol_sig_20.0_rbm_0.7_x0_25.0_dpsi_30.0/sim_data_20260612_124407/data.h5,sim_data_20260612_124407,dist_pol_sig_20.0_rbm_0.7_x0_25.0_dpsi_30.0,pol,0.7,25.0,25.0,20.0,50.0,pol,1.0,30.0,0.0,0.0,1.0,1.0,0.0,0.0,1.0,,1625824411,1094.3244274368794,0.9999999999999583,0.0,0.9999999999999192,True
2013,outputs/differentiation_sweep/dist_pol_sig_7.5_rbm_0.7_x0_25.0_dpsi_30.0/sim_data_20260610_140635/data.h5,sim_data_20260610_140635,dist_pol_sig_7.5_rbm_0.7_x0_25.0_dpsi_30.0,pol,0.7,25.0,25.0,7.5,50.0,pol,1.0,30.0,0.0,1.0,1.0,1.0,0.0,0.0,1.0,,262501055,246.97412332160394,3.3306690738754696e-14,0.0,-0.9999999999999334,False
2018,outputs/differentiation_sweep/dist_pol_sig_12.0_rbm_0.1_x0_25.0_dpsi_30.0/sim_data_20260610_192247/data.h5,sim_data_20260610_192247,dist_pol_sig_12.0_rbm_0.1_x0_25.0_dpsi_30.0,pol,0.1,25.0,25.0,12.0,50.0,pol,1.0,30.0,0.0,1.0,1.0,1.0,0.0,0.0,1.0,,164159889,83.86310640019886,3.3306690738754696e-14,0.0,-0.9999999999999334,False
2032,outputs/differentiation_sweep/dist_pol_sig_20.0_rbm_0.5_x0_25.0_dpsi_30.0/sim_data_20260612_123000/data.h5,sim_data_20260612_123000,dist_pol_sig_20.0_rbm_0.5_x0_25.0_dpsi_30.0,pol,0.5,25.0,25.0,20.0,50.0,pol,1.0,30.0,0.0,0.0,1.0,1.0,0.0,0.0,1.0,,1107508890,781.6603053120567,0.9999999999999554,0.0,0.9999999999999127,True
2044,outputs/differentiation_sweep/dist_pol_sig_1.0_rbm_0.8_x0_25.0_dpsi_30.0/sim_data_20260610_110626/data.h5,sim_data_20260610_110626,dist_pol_sig_1.0_rbm_0.8_x0_25.0_dpsi_30.0,pol,0.8,25.0,25.0,1.0,50.0,pol,1.0,30.0,0.0,1.0,1.0,1.0,0.0,0.0,1.0,,961834826,5.026548245743669,3.3306690738754696e-14,0.0,-0.9999999999999334,False
2046,outputs/differentiation_sweep/dist_pol_sig_13.5_rbm_0.9_x0_25.0_dpsi_30.0/sim_data_20260610_213914/data.h5,sim_data_20260610_213914,dist_pol_sig_13.5_rbm_0.9_x0_25.0_dpsi_30.0,pol,0.9,25.0,25.0,13.5,50.0,pol,1.0,30.0,0.0,1.0,1.0,1.0,0.0,0.0,1.0,,161951742,902.7545496666567,0.9999999999999738,0.0,0.9999999999999541,True
2049,outputs/differentiation_sweep/dist_pol_sig_7.0_rbm_0.7_x0_25.0_dpsi_30.0/sim_data_20260610_132259/data.h5,sim_data_20260610_132259,dist_pol_sig_7.0_rbm_0.7_x0_25.0_dpsi_30.0,pol,0.7,25.0,25.0,7.0,50.0,pol,1.0,30.0,0.0,1.0,1.0,1.0,0.0,0.0,1.0,,1597575090,215.35936547990786,3.3306690738754696e-14,0.0,-0.9999999999999334,False
2062,outputs/differentiation_sweep/dist_pol_sig_13.5_rbm_1.0_x0_25.0_dpsi_30.0/sim_data_20260610_214007/data.h5,sim_data_20260610_214007,dist_pol_sig_13.5_rbm_1.0_x0_25.0_dpsi_30.0,pol,1.0,25.0,25.0,13.5,50.0,pol,1.0,30.0,0.0,1.0,1.0,1.0,0.0,0.0,1.0,,1749775026,1003.0606107407297,0.9999999999999744,0.0,0.9999999999999556,True
2063,outputs/differentiation_sweep/dist_pol_sig_7.0_rbm_0.4_x0_25.0_dpsi_30.0/sim_data_20260610_130836/data.h5,sim_data_20260610_130836,dist_pol_sig_7.0_rbm_0.4_x0_25.0_dpsi_30.0,pol,0.4,25.0,25.0,7.0,50.0,pol,1.0,30.0,0.0,1.0,1.0,1.0,0.0,0.0,1.0,,1830878822,123.06249455994738,3.3306690738754696e-14,0.0,-0.9999999999999334,False
2065,outputs/differentiation_sweep/dist_pol_sig_14.0_rbm_0.2_x0_25.0_dpsi_30.0/sim_data_20260610_215345/data.h5,sim_data_20260610_215345,dist_pol_sig_14.0_rbm_0.2_x0_25.0_dpsi_30.0,pol,0.2,25.0,25.0,14.0,50.0,pol,1.0,30.0,0.0,1.0,1.0,1.0,0.0,0.0,1.0,,145142255,211.11667769833764,3.3306690738754696e-14,0.0,-0.9999999999999334,False
2069,outputs/differentiation_sweep/dist_pol_sig_13.0_rbm_0.4_x0_25.0_dpsi_30.0/sim_data_20260610_203948/data.h5,sim_data_20260610_203948,dist_pol_sig_13.0_rbm_0.4_x0_25.0_dpsi_30.0,pol,0.4,25.0,25.0,13.0,50.0,pol,1.0,30.0,0.0,1.0,1.0,1.0,0.0,0.0,1.0,,1756261451,379.7077715112264,3.3306690738754696e-14,0.0,-0.9999999999999334,False
2084,outputs/differentiation_sweep/dist_pol_sig_20.0_rbm_0.8_x0_25.0_dpsi_30.0/sim_data_20260612_124424/data.h5,sim_data_20260612_124424,dist_pol_sig_20.0_rbm_0.8_x0_25.0_dpsi_30.0,pol,0.8,25.0,25.0,20.0,50.0,pol,1.0,30.0,0.0,0.0,1.0,1.0,0.0,0.0,1.0,,2110625469,1250.656488499291,0.9999999999999593,0.0,0.9999999999999221,True
2100,outputs/differentiation_sweep/dist_pol_sig_11.5_rbm_0.5_x0_25.0_dpsi_30.0/sim_data_20260610_185343/data.h5,sim_data_20260610_185343,dist_pol_sig_11.5_rbm_0.5_x0_25.0_dpsi_30.0,pol,0.5,25.0,25.0,11.5,50.0,pol,1.0,30.0,0.0,1.0,1.0,1.0,0.0,0.0,1.0,,223259428,391.1327183958468,3.3306690738754696e-14,0.0,-0.9999999999999334,False
2150,outputs/differentiation_sweep/dist_pol_sig_25.0_rbm_0.5_x0_25.0_dpsi_30.0/sim_data_20260612_131313/data.h5,sim_data_20260612_131313,dist_pol_sig_25.0_rbm_0.5_x0_25.0_dpsi_30.0,pol,0.5,25.0,25.0,25.0,50.0,pol,1.0,30.0,0.0,0.0,1.0,1.0,0.0,0.0,1.0,,1661276348,915.0899791825326,0.9999999999999555,0.0,0.9999999999999127,True
2163,outputs/differentiation_sweep/dist_pol_sig_30.0_rbm_0.3_x0_25.0_dpsi_30.0/sim_data_20260612_134214/data.h5,sim_data_20260612_134214,dist_pol_sig_30.0_rbm_0.3_x0_25.0_dpsi_30.0,pol,0.3,25.0,25.0,30.0,50.0,pol,1.0,30.0,0.0,0.0,1.0,1.0,0.0,0.0,1.0,,213552482,601.2689786266649,5.4567461660326444e-14,0.0,-0.9999999999998909,False
2166,outputs/differentiation_sweep/dist_pol_sig_15.0_rbm_0.5_x0_25.0_dpsi_30.0/sim_data_20260612_120040/data.h5,sim_data_20260612_120040,dist_pol_sig_15.0_rbm_0.5_x0_25.0_dpsi_30.0,pol,0.5,25.0,25.0,15.0,50.0,pol,1.0,30.0,0.0,0.0,1.0,1.0,0.0,0.0,1.0,,1799346789,578.1679747485215,0.9999999999999545,0.0,0.9999999999999127,True
2168,outputs/differentiation_sweep/dist_pol_sig_15.0_rbm_0.5_x0_25.0_dpsi_30.0/sim_data_20260610_232319/data.h5,sim_data_20260610_232319,dist_pol_sig_15.0_rbm_0.5_x0_25.0_dpsi_30.0,pol,0.5,25.0,25.0,15.0,50.0,pol,1.0,30.0,0.0,1.0,1.0,1.0,0.0,0.0,1.0,,311151716,578.1526788700356,0.9999999999999724,0.0,0.9999999999999467,True
2174,outputs/differentiation_sweep/dist_pol_sig_10.5_rbm_0.5_x0_25.0_dpsi_30.0/sim_data_20260610_173825/data.h5,sim_data_20260610_173825,dist_pol_sig_10.5_rbm_0.5_x0_25.0_dpsi_30.0,pol,0.5,25.0,25.0,10.5,50.0,pol,1.0,30.0,0.0,1.0,1.0,1.0,0.0,0.0,1.0,,906314020,334.4876423283829,3.3306690738754696e-14,0.0,-0.9999999999999334,False
2182,outputs/differentiation_sweep/dist_pol_sig_14.5_rbm_0.6_x0_25.0_dpsi_30.0/sim_data_20260610_224027/data.h5,sim_data_20260610_224027,dist_pol_sig_14.5_rbm_0.6_x0_25.0_dpsi_30.0,pol,0.6,25.0,25.0,14.5,50.0,pol,1.0,30.0,0.0,1.0,1.0,1.0,0.0,0.0,1.0,,13569810,664.0197104894308,0.9999999999999727,0.0,0.9999999999999488,True
2188,outputs/differentiation_sweep/dist_pol_sig_11.5_rbm_0.1_x0_25.0_dpsi_30.0/sim_data_20260610_183834/data.h5,sim_data_20260610_183834,dist_pol_sig_11.5_rbm_0.1_x0_25.0_dpsi_30.0,pol,0.1,25.0,25.0,11.5,50.0,pol,1.0,30.0,0.0,1.0,1.0,1.0,0.0,0.0,1.0,,423848817,78.22654367916937,3.3306690738754696e-14,0.0,-0.9999999999999334,False
2206,outputs/differentiation_sweep/dist_pol_sig_11.0_rbm_0.5_x0_25.0_dpsi_30.0/sim_data_20260610_182219/data.h5,sim_data_20260610_182219,dist_pol_sig_11.0_rbm_0.5_x0_25.0_dpsi_30.0,pol,0.5,25.0,25.0,11.0,50.0,pol,1.0,30.0,0.0,1.0,1.0,1.0,0.0,0.0,1.0,,1990562948,362.7985158508376,3.3306690738754696e-14,0.0,-0.9999999999999334,False
2216,outputs/differentiation_sweep/dist_pol_sig_2.5_rbm_0.2_x0_25.0_dpsi_30.0/sim_data_20260610_123640/data.h5,sim_data_20260610_123640,dist_pol_sig_2.5_rbm_0.2_x0_25.0_dpsi_30.0,pol,0.2,25.0,25.0,2.5,50.0,pol,1.0,30.0,0.0,1.0,1.0,1.0,0.0,0.0,1.0,,1481869563,7.853981633974484,3.3306690738754696e-14,0.0,-0.9999999999999334,False
2219,outputs/differentiation_sweep/dist_pol_sig_2.0_rbm_0.9_x0_25.0_dpsi_30.0/sim_data_20260610_122226/data.h5,sim_data_20260610_122226,dist_pol_sig_2.0_rbm_0.9_x0_25.0_dpsi_30.0,pol,0.9,25.0,25.0,2.0,50.0,pol,1.0,30.0,0.0,1.0,1.0,1.0,0.0,0.0,1.0,,1415590760,22.619467105846514,3.3306690738754696e-14,0.0,-0.9999999999999334,False
2230,outputs/differentiation_sweep/dist_pol_sig_12.5_rbm_0.7_x0_25.0_dpsi_30.0/sim_data_20260610_202257/data.h5,sim_data_20260610_202257,dist_pol_sig_12.5_rbm_0.7_x0_25.0_dpsi_30.0,pol,0.7,25.0,25.0,12.5,50.0,pol,1.0,30.0,0.0,1.0,1.0,1.0,0.0,0.0,1.0,,1071951700,626.0706671496524,0.9999999999999727,0.0,0.9999999999999507,True
2235,outputs/differentiation_sweep/dist_pol_sig_20.0_rbm_1.0_x0_25.0_dpsi_30.0/sim_data_20260612_124430/data.h5,sim_data_20260612_124430,dist_pol_sig_20.0_rbm_1.0_x0_25.0_dpsi_30.0,pol,1.0,25.0,25.0,20.0,50.0,pol,1.0,30.0,0.0,0.0,1.0,1.0,0.0,0.0,1.0,,2056451425,1563.3206106241134,0.9999999999999607,0.0,0.9999999999999273,True
2239,outputs/differentiation_sweep/dist_pol_sig_12.0_rbm_0.7_x0_25.0_dpsi_30.0/sim_data_20260610_193850/data.h5,sim_data_20260610_193850,dist_pol_sig_12.0_rbm_0.7_x0_25.0_dpsi_30.0,pol,0.7,25.0,25.0,12.0,50.0,pol,1.0,30.0,0.0,1.0,1.0,1.0,0.0,0.0,1.0,,148565991,587.041744801392,0.9999999999999724,0.0,0.9999999999999507,True
2253,outputs/differentiation_sweep/dist_pol_sig_7.5_rbm_0.1_x0_25.0_dpsi_30.0/sim_data_20260610_133756/data.h5,sim_data_20260610_133756,dist_pol_sig_7.5_rbm_0.1_x0_25.0_dpsi_30.0,pol,0.1,25.0,25.0,7.5,50.0,pol,1.0,30.0,0.0,1.0,1.0,1.0,0.0,0.0,1.0,,1233898589,35.28201761737199,3.3306690738754696e-14,0.0,-0.9999999999999334,False
2262,outputs/differentiation_sweep/dist_pol_sig_8.5_rbm_1.0_x0_25.0_dpsi_30.0/sim_data_20260610_152346/data.h5,sim_data_20260610_152346,dist_pol_sig_8.5_rbm_1.0_x0_25.0_dpsi_30.0,pol,1.0,25.0,25.0,8.5,50.0,pol,1.0,30.0,0.0,1.0,1.0,1.0,0.0,0.0,1.0,,259934356,450.9882821223959,3.3306690738754696e-14,0.0,-0.9999999999999334,False
2264,outputs/differentiation_sweep/dist_pol_sig_7.5_rbm_1.0_x0_25.0_dpsi_30.0/sim_data_20260610_140835/data.h5,sim_data_20260610_140835,dist_pol_sig_7.5_rbm_1.0_x0_25.0_dpsi_30.0,pol,1.0,25.0,25.0,7.5,50.0,pol,1.0,30.0,0.0,1.0,1.0,1.0,0.0,0.0,1.0,,1789515365,352.82017617372,3.3306690738754696e-14,0.0,-0.9999999999999334,False
